Using pre-set license
Built from '6000.0/staging' branch; Version is '6000.0.40f1 (157d81624ddf) revision 1408385'; Using compiler version '193933523'; Build Type 'Release'
OS: 'Windows 10  (10.0.19045) 64bit Professional' Language: 'en' Physical Memory: 16365 MB
BatchMode: 1, IsHumanControllingUs: 0, StartBugReporterOnCrash: 0, Is64bit: 1, IsPro: 1

COMMAND LINE ARGUMENTS:
C:\Program Files\Unity 6000.0.40f1\Editor\Unity.exe
-adb2
-batchMode
-noUpm
-name
AssetImportWorker0
-projectPath
C:/Users/Labas/Downloads/Projektas_WWC-var_05_08/Projektas_WWC-var_05_08/WildWestCepelinai
-logFile
Logs/AssetImportWorker0.log
-srvPort
50482
-job-worker-count
2
-background-job-worker-count
8
-gc-helper-count
1
Successfully changed project path to: C:/Users/Labas/Downloads/Projektas_WWC-var_05_08/Projektas_WWC-var_05_08/WildWestCepelinai
C:/Users/Labas/Downloads/Projektas_WWC-var_05_08/Projektas_WWC-var_05_08/WildWestCepelinai
[UnityMemory] Configuration Parameters - Can be set up in boot.config
    "memorysetup-bucket-allocator-granularity=16"
    "memorysetup-bucket-allocator-bucket-count=8"
    "memorysetup-bucket-allocator-block-size=33554432"
    "memorysetup-bucket-allocator-block-count=8"
    "memorysetup-main-allocator-block-size=16777216"
    "memorysetup-thread-allocator-block-size=16777216"
    "memorysetup-gfx-main-allocator-block-size=16777216"
    "memorysetup-gfx-thread-allocator-block-size=16777216"
    "memorysetup-cache-allocator-block-size=4194304"
    "memorysetup-typetree-allocator-block-size=2097152"
    "memorysetup-profiler-bucket-allocator-granularity=16"
    "memorysetup-profiler-bucket-allocator-bucket-count=8"
    "memorysetup-profiler-bucket-allocator-block-size=33554432"
    "memorysetup-profiler-bucket-allocator-block-count=8"
    "memorysetup-profiler-allocator-block-size=16777216"
    "memorysetup-profiler-editor-allocator-block-size=1048576"
    "memorysetup-temp-allocator-size-main=16777216"
    "memorysetup-job-temp-allocator-block-size=2097152"
    "memorysetup-job-temp-allocator-block-size-background=1048576"
    "memorysetup-job-temp-allocator-reduction-small-platforms=262144"
    "memorysetup-allocator-temp-initial-block-size-main=262144"
    "memorysetup-allocator-temp-initial-block-size-worker=262144"
    "memorysetup-temp-allocator-size-background-worker=32768"
    "memorysetup-temp-allocator-size-job-worker=262144"
    "memorysetup-temp-allocator-size-preload-manager=33554432"
    "memorysetup-temp-allocator-size-nav-mesh-worker=65536"
    "memorysetup-temp-allocator-size-audio-worker=65536"
    "memorysetup-temp-allocator-size-cloud-worker=32768"
    "memorysetup-temp-allocator-size-gi-baking-worker=262144"
    "memorysetup-temp-allocator-size-gi-baking-worker=262144"
    "memorysetup-temp-allocator-size-gi-baking-worker=262144"
    "memorysetup-temp-allocator-size-gi-baking-worker=262144"
    "memorysetup-temp-allocator-size-gi-baking-worker=262144"
    "memorysetup-temp-allocator-size-gfx=262144"
Player connection [13680]  Target information:

Player connection [13680]  * "[IP] 192.168.0.144 [Port] 0 [Flags] 2 [Guid] 2403989094 [EditorId] 2403989094 [Version] 1048832 [Id] WindowsEditor(7,DESKTOP-39206IM) [Debug] 1 [PackageName] WindowsEditor [ProjectName] Editor" 

Player connection [13680]  * "[IP] 192.168.56.1 [Port] 0 [Flags] 2 [Guid] 2403989094 [EditorId] 2403989094 [Version] 1048832 [Id] WindowsEditor(7,DESKTOP-39206IM) [Debug] 1 [PackageName] WindowsEditor [ProjectName] Editor" 

Player connection [13680] Host joined multi-casting on [225.0.0.222:54997]...
Player connection [13680] Host joined alternative multi-casting on [225.0.0.222:34997]...
JobSystem: Creating JobQueue using job-worker-count value 2
Input System module state changed to: Initialized.
[Physics::Module] Initialized fallback backend.
[Physics::Module] Id: 0xdecafbad
Library Redirect Path: Library/
[Physics::Module] Selected backend.
[Physics::Module] Name: PhysX
[Physics::Module] Id: 0xf2b8ea05
[Physics::Module] SDK Version: 4.1.2
[Physics::Module] Integration Version: 1.0.0
[Physics::Module] Threading Mode: Multi-Threaded
Refreshing native plugins compatible for Editor in 7.98 ms, found 4 plugins.
Preloading 0 native plugins for Editor in 0.00 ms.
Initialize engine version: 6000.0.40f1 (157d81624ddf)
[Subsystems] Discovering subsystems at path C:/Program Files/Unity 6000.0.40f1/Editor/Data/Resources/UnitySubsystems
[Subsystems] Discovering subsystems at path C:/Users/Labas/Downloads/Projektas_WWC-var_05_08/Projektas_WWC-var_05_08/WildWestCepelinai/Assets
GfxDevice: creating device client; kGfxThreadingModeNonThreaded
Direct3D:
    Version:  Direct3D 11.0 [level 11.1]
    Renderer: NVIDIA GeForce GTX 1050 Ti (ID=0x1c82)
    Vendor:   NVIDIA
    VRAM:     4018 MB
    Driver:   30.0.14.7212
Initialize mono
Mono path[0] = 'C:/Program Files/Unity 6000.0.40f1/Editor/Data/Managed'
Mono path[1] = 'C:/Program Files/Unity 6000.0.40f1/Editor/Data/MonoBleedingEdge/lib/mono/unityjit-win32'
Mono config path = 'C:/Program Files/Unity 6000.0.40f1/Editor/Data/MonoBleedingEdge/etc'
Using monoOptions --debugger-agent=transport=dt_socket,embedding=1,server=y,suspend=n,address=127.0.0.1:56108
Begin MonoManager ReloadAssembly
Registering precompiled unity dll's ...
Register platform support module: C:/Program Files/Unity 6000.0.40f1/Editor/Data/PlaybackEngines/WindowsStandaloneSupport/UnityEditor.WindowsStandalone.Extensions.dll
Registered in 0.013045 seconds.
- Loaded All Assemblies, in  1.206 seconds
Native extension for WindowsStandalone target not found
Mono: successfully reloaded assembly
- Finished resetting the current domain, in  1.073 seconds
Domain Reload Profiling: 2269ms
	BeginReloadAssembly (403ms)
		ExecutionOrderSort (0ms)
		DisableScriptedObjects (0ms)
		BackupInstance (0ms)
		ReleaseScriptingObjects (0ms)
		CreateAndSetChildDomain (2ms)
	RebuildCommonClasses (122ms)
	RebuildNativeTypeToScriptingClass (41ms)
	initialDomainReloadingComplete (146ms)
	LoadAllAssembliesAndSetupDomain (482ms)
		LoadAssemblies (391ms)
		RebuildTransferFunctionScriptingTraits (0ms)
		AnalyzeDomain (475ms)
			TypeCache.Refresh (470ms)
				TypeCache.ScanAssembly (433ms)
			BuildScriptInfoCaches (0ms)
			ResolveRequiredComponents (2ms)
	FinalizeReload (1074ms)
		ReleaseScriptCaches (0ms)
		RebuildScriptCaches (0ms)
		SetupLoadedEditorAssemblies (872ms)
			LogAssemblyErrors (0ms)
			InitializePlatformSupportModulesInManaged (113ms)
			SetLoadedEditorAssemblies (13ms)
			BeforeProcessingInitializeOnLoad (151ms)
			ProcessInitializeOnLoadAttributes (434ms)
			ProcessInitializeOnLoadMethodAttributes (160ms)
			AfterProcessingInitializeOnLoad (0ms)
			EditorAssembliesLoaded (0ms)
		ExecutionOrderSort2 (0ms)
		AwakeInstancesAfterBackupRestoration (0ms)
========================================================================
Worker process is ready to serve import requests
Import Worker Mode flag is 0x00
Begin MonoManager ReloadAssembly
Launched and connected shader compiler UnityShaderCompiler.exe after 0.20 seconds
- Loaded All Assemblies, in  4.429 seconds
Refreshing native plugins compatible for Editor in 5.03 ms, found 4 plugins.
Native extension for WindowsStandalone target not found
Mono: successfully reloaded assembly
- Finished resetting the current domain, in  2.410 seconds
Domain Reload Profiling: 6814ms
	BeginReloadAssembly (2291ms)
		ExecutionOrderSort (0ms)
		DisableScriptedObjects (1719ms)
		BackupInstance (0ms)
		ReleaseScriptingObjects (0ms)
		CreateAndSetChildDomain (139ms)
	RebuildCommonClasses (120ms)
	RebuildNativeTypeToScriptingClass (41ms)
	initialDomainReloadingComplete (124ms)
	LoadAllAssembliesAndSetupDomain (1826ms)
		LoadAssemblies (1217ms)
		RebuildTransferFunctionScriptingTraits (0ms)
		AnalyzeDomain (906ms)
			TypeCache.Refresh (636ms)
				TypeCache.ScanAssembly (588ms)
			BuildScriptInfoCaches (224ms)
			ResolveRequiredComponents (38ms)
	FinalizeReload (2411ms)
		ReleaseScriptCaches (0ms)
		RebuildScriptCaches (0ms)
		SetupLoadedEditorAssemblies (1862ms)
			LogAssemblyErrors (0ms)
			InitializePlatformSupportModulesInManaged (6ms)
			SetLoadedEditorAssemblies (14ms)
			BeforeProcessingInitializeOnLoad (427ms)
			ProcessInitializeOnLoadAttributes (1057ms)
			ProcessInitializeOnLoadMethodAttributes (337ms)
			AfterProcessingInitializeOnLoad (21ms)
			EditorAssembliesLoaded (0ms)
		ExecutionOrderSort2 (0ms)
		AwakeInstancesAfterBackupRestoration (43ms)
Refreshing native plugins compatible for Editor in 5.45 ms, found 4 plugins.
Preloading 0 native plugins for Editor in 0.00 ms.
Unloading 223 Unused Serialized files (Serialized files now loaded: 0)
Unloading 6620 unused Assets / (4.6 MB). Loaded Objects now: 7361.
Memory consumption went from 179.0 MB to 174.4 MB.
Total: 20.639800 ms (FindLiveObjects: 1.312200 ms CreateObjectMapping: 1.000300 ms MarkObjects: 12.660400 ms  DeleteObjects: 5.664900 ms)

========================================================================
Received Import Request.
  Time since last request: 1356.635906 seconds.
  path: Assets/Sprites/MoonSheet.png
  artifactKey: Guid(c0739357769d29549bf79bdc9ef30653) Importer(815301076,1909f56bfc062723c751e8b465ee728b)
Start importing Assets/Sprites/MoonSheet.png using Guid(c0739357769d29549bf79bdc9ef30653) Importer(815301076,1909f56bfc062723c751e8b465ee728b) (PreviewImporter) -> (artifact id: 'a7230bf859fdb76a503633443f1d5ec9') in 0.2079353 seconds
Number of updated asset objects reloaded before import = 0Number of asset objects unloaded after import = 3

========================================================================
Received Import Request.
  Time since last request: 622.756588 seconds.
  path: Assets/Sprites
  artifactKey: Guid(fb6d13e0583eb8c4a86bbf4e0ca27915) Importer(815301076,1909f56bfc062723c751e8b465ee728b)
Start importing Assets/Sprites using Guid(fb6d13e0583eb8c4a86bbf4e0ca27915) Importer(815301076,1909f56bfc062723c751e8b465ee728b) (PreviewImporter) -> (artifact id: 'dc479b3f08d993e1cce0102699c07aef') in 0.0015674 seconds
Number of updated asset objects reloaded before import = 0Number of asset objects unloaded after import = 0

========================================================================
Received Import Request.
  Time since last request: 15.441923 seconds.
  path: Assets/Sprites/MoonSheet
  artifactKey: Guid(89bfd98e2a5a684448d95af33d9f5a84) Importer(815301076,1909f56bfc062723c751e8b465ee728b)
Start importing Assets/Sprites/MoonSheet using Guid(89bfd98e2a5a684448d95af33d9f5a84) Importer(815301076,1909f56bfc062723c751e8b465ee728b) (PreviewImporter) -> (artifact id: 'dc0c809af4dfcea2e1cd0567bdae00cc') in 0.0011505 seconds
Number of updated asset objects reloaded before import = 0Number of asset objects unloaded after import = 0

========================================================================
Received Import Request.
  Time since last request: 25.617515 seconds.
  path: Assets/Sprites/MoonSheet/frame_00_delay-0.17s.gif
  artifactKey: Guid(4617851831ce955449458addf9520edb) Importer(815301076,1909f56bfc062723c751e8b465ee728b)
Start importing Assets/Sprites/MoonSheet/frame_00_delay-0.17s.gif using Guid(4617851831ce955449458addf9520edb) Importer(815301076,1909f56bfc062723c751e8b465ee728b) (PreviewImporter) -> (artifact id: 'e39b38f0df28790b61b9606e1363adf7') in 0.109522 seconds
Number of updated asset objects reloaded before import = 0Number of asset objects unloaded after import = 3

========================================================================
Received Import Request.
  Time since last request: 0.000039 seconds.
  path: Assets/Sprites/MoonSheet/frame_13_delay-0.17s.gif
  artifactKey: Guid(d0b16970fb496404bab250a5adb969cd) Importer(815301076,1909f56bfc062723c751e8b465ee728b)
Start importing Assets/Sprites/MoonSheet/frame_13_delay-0.17s.gif using Guid(d0b16970fb496404bab250a5adb969cd) Importer(815301076,1909f56bfc062723c751e8b465ee728b) (PreviewImporter) -> (artifact id: '00afd0c6fd067046ec584e9b9cd5e1bb') in 0.031328 seconds
Number of updated asset objects reloaded before import = 0Number of asset objects unloaded after import = 3

========================================================================
Received Import Request.
  Time since last request: 0.000042 seconds.
  path: Assets/Sprites/MoonSheet/frame_02_delay-0.17s.gif
  artifactKey: Guid(2240470cd1f22f64a838b99d7766c1bc) Importer(815301076,1909f56bfc062723c751e8b465ee728b)
Start importing Assets/Sprites/MoonSheet/frame_02_delay-0.17s.gif using Guid(2240470cd1f22f64a838b99d7766c1bc) Importer(815301076,1909f56bfc062723c751e8b465ee728b) (PreviewImporter) -> (artifact id: 'f33786ca618e37bc0f3ac54aada4aeb2') in 0.0287695 seconds
Number of updated asset objects reloaded before import = 0Number of asset objects unloaded after import = 3

========================================================================
Received Import Request.
  Time since last request: 0.000025 seconds.
  path: Assets/Sprites/MoonSheet/frame_06_delay-0.17s.gif
  artifactKey: Guid(cc3495e73262b9b4ea431db181629746) Importer(815301076,1909f56bfc062723c751e8b465ee728b)
Start importing Assets/Sprites/MoonSheet/frame_06_delay-0.17s.gif using Guid(cc3495e73262b9b4ea431db181629746) Importer(815301076,1909f56bfc062723c751e8b465ee728b) (PreviewImporter) -> (artifact id: 'cb0ab5959912ddb0949901e45a1146ed') in 0.0297777 seconds
Number of updated asset objects reloaded before import = 0Number of asset objects unloaded after import = 3

========================================================================
Received Import Request.
  Time since last request: 0.000039 seconds.
  path: Assets/Sprites/MoonSheet/frame_10_delay-0.17s.gif
  artifactKey: Guid(1fddf85e5e10a0f46840775514b78e0a) Importer(815301076,1909f56bfc062723c751e8b465ee728b)
Start importing Assets/Sprites/MoonSheet/frame_10_delay-0.17s.gif using Guid(1fddf85e5e10a0f46840775514b78e0a) Importer(815301076,1909f56bfc062723c751e8b465ee728b) (PreviewImporter) -> (artifact id: '3a758e20b567e871ef575fcf2c0c214f') in 0.0259965 seconds
Number of updated asset objects reloaded before import = 0Number of asset objects unloaded after import = 3

========================================================================
Received Import Request.
  Time since last request: 0.000050 seconds.
  path: Assets/Sprites/MoonSheet/frame_08_delay-0.17s.gif
  artifactKey: Guid(2948880dd6d26894297a2792e5a904d3) Importer(815301076,1909f56bfc062723c751e8b465ee728b)
Start importing Assets/Sprites/MoonSheet/frame_08_delay-0.17s.gif using Guid(2948880dd6d26894297a2792e5a904d3) Importer(815301076,1909f56bfc062723c751e8b465ee728b) (PreviewImporter) -> (artifact id: '76ff9f79ad4a9d338f3aeaa41640ffb1') in 0.023483 seconds
Number of updated asset objects reloaded before import = 0Number of asset objects unloaded after import = 3

========================================================================
Received Import Request.
  Time since last request: 0.000029 seconds.
  path: Assets/Sprites/MoonSheet/frame_07_delay-0.17s.gif
  artifactKey: Guid(0da2e94a993656046abeddad49c01078) Importer(815301076,1909f56bfc062723c751e8b465ee728b)
Start importing Assets/Sprites/MoonSheet/frame_07_delay-0.17s.gif using Guid(0da2e94a993656046abeddad49c01078) Importer(815301076,1909f56bfc062723c751e8b465ee728b) (PreviewImporter) -> (artifact id: '3fd805cb53295f6139a88758cd0e200a') in 0.0339825 seconds
Number of updated asset objects reloaded before import = 0Number of asset objects unloaded after import = 3

========================================================================
Received Import Request.
  Time since last request: 0.000030 seconds.
  path: Assets/Sprites/MoonSheet/frame_04_delay-0.17s.gif
  artifactKey: Guid(656c821ba540ea647862a6b1923967da) Importer(815301076,1909f56bfc062723c751e8b465ee728b)
Start importing Assets/Sprites/MoonSheet/frame_04_delay-0.17s.gif using Guid(656c821ba540ea647862a6b1923967da) Importer(815301076,1909f56bfc062723c751e8b465ee728b) (PreviewImporter) -> (artifact id: 'fe60abcab436f2428b0a9f1b945c9d59') in 0.0277823 seconds
Number of updated asset objects reloaded before import = 0Number of asset objects unloaded after import = 3

========================================================================
Received Import Request.
  Time since last request: 857.363340 seconds.
  path: Assets/Sprites/MoonSheet/frame_00_delay-0.17s.gif
  artifactKey: Guid(4617851831ce955449458addf9520edb) Importer(815301076,1909f56bfc062723c751e8b465ee728b)
Start importing Assets/Sprites/MoonSheet/frame_00_delay-0.17s.gif using Guid(4617851831ce955449458addf9520edb) Importer(815301076,1909f56bfc062723c751e8b465ee728b) (PreviewImporter) -> (artifact id: '68aef214ddf06b5245f6e7caa32c456c') in 0.0359699 seconds
Number of updated asset objects reloaded before import = 0Number of asset objects unloaded after import = 3

========================================================================
Received Import Request.
  Time since last request: 0.000041 seconds.
  path: Assets/Sprites/MoonSheet/frame_15_delay-0.17s.gif
  artifactKey: Guid(0c40a9a407152c748b22f9b245174f86) Importer(815301076,1909f56bfc062723c751e8b465ee728b)
Start importing Assets/Sprites/MoonSheet/frame_15_delay-0.17s.gif using Guid(0c40a9a407152c748b22f9b245174f86) Importer(815301076,1909f56bfc062723c751e8b465ee728b) (PreviewImporter) -> (artifact id: '3b11185a8c2679e6d1304df0dd57e950') in 0.0309473 seconds
Number of updated asset objects reloaded before import = 0Number of asset objects unloaded after import = 3

========================================================================
Received Import Request.
  Time since last request: 0.000048 seconds.
  path: Assets/Sprites/MoonSheet/frame_11_delay-0.17s.gif
  artifactKey: Guid(34d902c28b1d5614988ec72f61c0b756) Importer(815301076,1909f56bfc062723c751e8b465ee728b)
Start importing Assets/Sprites/MoonSheet/frame_11_delay-0.17s.gif using Guid(34d902c28b1d5614988ec72f61c0b756) Importer(815301076,1909f56bfc062723c751e8b465ee728b) (PreviewImporter) -> (artifact id: '807a517bd7f991fba0dbcb4cd0e20989') in 0.0293839 seconds
Number of updated asset objects reloaded before import = 0Number of asset objects unloaded after import = 3

========================================================================
Received Import Request.
  Time since last request: 0.000028 seconds.
  path: Assets/Sprites/MoonSheet/frame_09_delay-0.17s.gif
  artifactKey: Guid(debfc000702315042a8f59cb54e8f5c2) Importer(815301076,1909f56bfc062723c751e8b465ee728b)
Start importing Assets/Sprites/MoonSheet/frame_09_delay-0.17s.gif using Guid(debfc000702315042a8f59cb54e8f5c2) Importer(815301076,1909f56bfc062723c751e8b465ee728b) (PreviewImporter) -> (artifact id: '62603e4ec4b17a3f08a460a03ec13386') in 0.026635 seconds
Number of updated asset objects reloaded before import = 0Number of asset objects unloaded after import = 3

========================================================================
Received Import Request.
  Time since last request: 0.000045 seconds.
  path: Assets/Sprites/MoonSheet/frame_12_delay-0.17s.gif
  artifactKey: Guid(45e59665a02466c4595e494dd842acb6) Importer(815301076,1909f56bfc062723c751e8b465ee728b)
Start importing Assets/Sprites/MoonSheet/frame_12_delay-0.17s.gif using Guid(45e59665a02466c4595e494dd842acb6) Importer(815301076,1909f56bfc062723c751e8b465ee728b) (PreviewImporter) -> (artifact id: '5dfcd366902ba681104b20437ae3b880') in 0.0288419 seconds
Number of updated asset objects reloaded before import = 0Number of asset objects unloaded after import = 3

========================================================================
Received Import Request.
  Time since last request: 0.000050 seconds.
  path: Assets/Sprites/MoonSheet/frame_08_delay-0.17s.gif
  artifactKey: Guid(2948880dd6d26894297a2792e5a904d3) Importer(815301076,1909f56bfc062723c751e8b465ee728b)
Start importing Assets/Sprites/MoonSheet/frame_08_delay-0.17s.gif using Guid(2948880dd6d26894297a2792e5a904d3) Importer(815301076,1909f56bfc062723c751e8b465ee728b) (PreviewImporter) -> (artifact id: '5dbb8ba7b03041c7eb202c2f6ee28ba4') in 0.0317242 seconds
Number of updated asset objects reloaded before import = 0Number of asset objects unloaded after import = 3

========================================================================
Received Import Request.
  Time since last request: 0.000024 seconds.
  path: Assets/Sprites/MoonSheet/frame_14_delay-0.17s.gif
  artifactKey: Guid(4d28e947c8a79b14e875077ed193e78c) Importer(815301076,1909f56bfc062723c751e8b465ee728b)
Start importing Assets/Sprites/MoonSheet/frame_14_delay-0.17s.gif using Guid(4d28e947c8a79b14e875077ed193e78c) Importer(815301076,1909f56bfc062723c751e8b465ee728b) (PreviewImporter) -> (artifact id: '220bd58f769fa1983413cec6c6f11c0d') in 0.0311416 seconds
Number of updated asset objects reloaded before import = 0Number of asset objects unloaded after import = 3

========================================================================
Received Import Request.
  Time since last request: 0.000031 seconds.
  path: Assets/Sprites/MoonSheet/frame_03_delay-0.17s.gif
  artifactKey: Guid(ccd4865ebb42d6e44a5f233ebb9ef11c) Importer(815301076,1909f56bfc062723c751e8b465ee728b)
Start importing Assets/Sprites/MoonSheet/frame_03_delay-0.17s.gif using Guid(ccd4865ebb42d6e44a5f233ebb9ef11c) Importer(815301076,1909f56bfc062723c751e8b465ee728b) (PreviewImporter) -> (artifact id: 'fdf849dbe735cd8b545e411503375fdb') in 0.0526049 seconds
Number of updated asset objects reloaded before import = 0Number of asset objects unloaded after import = 3

========================================================================
Received Import Request.
  Time since last request: 19695.161836 seconds.
  path: Assets/Sprites/MoonSheet.png
  artifactKey: Guid(c0739357769d29549bf79bdc9ef30653) Importer(815301076,1909f56bfc062723c751e8b465ee728b)
Start importing Assets/Sprites/MoonSheet.png using Guid(c0739357769d29549bf79bdc9ef30653) Importer(815301076,1909f56bfc062723c751e8b465ee728b) (PreviewImporter) -> (artifact id: 'd0081ea6f84a40e586237b00d6d1d39d') in 3362.9709684999998 seconds
Number of updated asset objects reloaded before import = 0Number of asset objects unloaded after import = 17674

========================================================================
Received Import Request.
  Time since last request: 11276.632311 seconds.
  path: Assets/Sprites/MoonSheet.png
  artifactKey: Guid(c0739357769d29549bf79bdc9ef30653) Importer(815301076,1909f56bfc062723c751e8b465ee728b)
Start importing Assets/Sprites/MoonSheet.png using Guid(c0739357769d29549bf79bdc9ef30653) Importer(815301076,1909f56bfc062723c751e8b465ee728b) (PreviewImporter) -> (artifact id: '04c2a41e7093e2b7716cf255bee9233a') in 49.5495931 seconds
Number of updated asset objects reloaded before import = 0Number of asset objects unloaded after import = 17674

========================================================================
Received Import Request.
  Time since last request: 95.984767 seconds.
  path: Assets/Sprites/MoonSheet 1.png
  artifactKey: Guid(da572b81d60deb34a8e132527f42ac7e) Importer(815301076,1909f56bfc062723c751e8b465ee728b)
Start importing Assets/Sprites/MoonSheet 1.png using Guid(da572b81d60deb34a8e132527f42ac7e) Importer(815301076,1909f56bfc062723c751e8b465ee728b) (PreviewImporter) -> (artifact id: 'b210123ba724c58d3f2defd855933b35') in 0.0217461 seconds
Number of updated asset objects reloaded before import = 0Number of asset objects unloaded after import = 3

========================================================================
Received Import Request.
  Time since last request: 120.889923 seconds.
  path: Assets/Sprites/MoonSheet 1.png
  artifactKey: Guid(da572b81d60deb34a8e132527f42ac7e) Importer(815301076,1909f56bfc062723c751e8b465ee728b)
Start importing Assets/Sprites/MoonSheet 1.png using Guid(da572b81d60deb34a8e132527f42ac7e) Importer(815301076,1909f56bfc062723c751e8b465ee728b) (PreviewImporter) -> (artifact id: '941a66b9720212c8d2fe4918ef642f4b') in 0.111637 seconds
Number of updated asset objects reloaded before import = 0Number of asset objects unloaded after import = 22

========================================================================
Received Prepare
Begin MonoManager ReloadAssembly
- Loaded All Assemblies, in  2.879 seconds
Refreshing native plugins compatible for Editor in 5.02 ms, found 4 plugins.
Native extension for WindowsStandalone target not found
Mono: successfully reloaded assembly
- Finished resetting the current domain, in  2.171 seconds
Domain Reload Profiling: 5041ms
	BeginReloadAssembly (937ms)
		ExecutionOrderSort (0ms)
		DisableScriptedObjects (190ms)
		BackupInstance (0ms)
		ReleaseScriptingObjects (1ms)
		CreateAndSetChildDomain (269ms)
	RebuildCommonClasses (111ms)
	RebuildNativeTypeToScriptingClass (44ms)
	initialDomainReloadingComplete (100ms)
	LoadAllAssembliesAndSetupDomain (1678ms)
		LoadAssemblies (1302ms)
		RebuildTransferFunctionScriptingTraits (0ms)
		AnalyzeDomain (672ms)
			TypeCache.Refresh (24ms)
				TypeCache.ScanAssembly (0ms)
			BuildScriptInfoCaches (597ms)
			ResolveRequiredComponents (37ms)
	FinalizeReload (2172ms)
		ReleaseScriptCaches (0ms)
		RebuildScriptCaches (0ms)
		SetupLoadedEditorAssemblies (1590ms)
			LogAssemblyErrors (0ms)
			InitializePlatformSupportModulesInManaged (6ms)
			SetLoadedEditorAssemblies (12ms)
			BeforeProcessingInitializeOnLoad (327ms)
			ProcessInitializeOnLoadAttributes (997ms)
			ProcessInitializeOnLoadMethodAttributes (215ms)
			AfterProcessingInitializeOnLoad (33ms)
			EditorAssembliesLoaded (1ms)
		ExecutionOrderSort2 (0ms)
		AwakeInstancesAfterBackupRestoration (90ms)
Refreshing native plugins compatible for Editor in 5.81 ms, found 4 plugins.
Preloading 0 native plugins for Editor in 0.00 ms.
Unloading 13 Unused Serialized files (Serialized files now loaded: 0)
Unloading 6617 unused Assets / (4.5 MB). Loaded Objects now: 7377.
Memory consumption went from 151.0 MB to 146.5 MB.
Total: 25.440200 ms (FindLiveObjects: 2.136700 ms CreateObjectMapping: 1.529700 ms MarkObjects: 14.664700 ms  DeleteObjects: 7.106500 ms)

Prepare: number of updated asset objects reloaded= 0
========================================================================
Received Prepare
Begin MonoManager ReloadAssembly
- Loaded All Assemblies, in  2.318 seconds
Refreshing native plugins compatible for Editor in 7.29 ms, found 4 plugins.
Native extension for WindowsStandalone target not found
Mono: successfully reloaded assembly
- Finished resetting the current domain, in  2.156 seconds
Domain Reload Profiling: 4451ms
	BeginReloadAssembly (558ms)
		ExecutionOrderSort (0ms)
		DisableScriptedObjects (67ms)
		BackupInstance (0ms)
		ReleaseScriptingObjects (0ms)
		CreateAndSetChildDomain (117ms)
	RebuildCommonClasses (125ms)
	RebuildNativeTypeToScriptingClass (47ms)
	initialDomainReloadingComplete (110ms)
	LoadAllAssembliesAndSetupDomain (1453ms)
		LoadAssemblies (1129ms)
		RebuildTransferFunctionScriptingTraits (0ms)
		AnalyzeDomain (599ms)
			TypeCache.Refresh (18ms)
				TypeCache.ScanAssembly (0ms)
			BuildScriptInfoCaches (542ms)
			ResolveRequiredComponents (32ms)
	FinalizeReload (2157ms)
		ReleaseScriptCaches (0ms)
		RebuildScriptCaches (0ms)
		SetupLoadedEditorAssemblies (1576ms)
			LogAssemblyErrors (0ms)
			InitializePlatformSupportModulesInManaged (6ms)
			SetLoadedEditorAssemblies (15ms)
			BeforeProcessingInitializeOnLoad (377ms)
			ProcessInitializeOnLoadAttributes (934ms)
			ProcessInitializeOnLoadMethodAttributes (219ms)
			AfterProcessingInitializeOnLoad (26ms)
			EditorAssembliesLoaded (1ms)
		ExecutionOrderSort2 (0ms)
		AwakeInstancesAfterBackupRestoration (73ms)
Refreshing native plugins compatible for Editor in 5.34 ms, found 4 plugins.
Preloading 0 native plugins for Editor in 0.00 ms.
Unloading 13 Unused Serialized files (Serialized files now loaded: 0)
Unloading 6617 unused Assets / (4.4 MB). Loaded Objects now: 7379.
Memory consumption went from 151.0 MB to 146.6 MB.
Total: 21.629800 ms (FindLiveObjects: 1.440700 ms CreateObjectMapping: 1.146700 ms MarkObjects: 12.356000 ms  DeleteObjects: 6.684400 ms)

Prepare: number of updated asset objects reloaded= 0
========================================================================
Received Prepare
Begin MonoManager ReloadAssembly
- Loaded All Assemblies, in  2.229 seconds
Refreshing native plugins compatible for Editor in 4.73 ms, found 4 plugins.
Native extension for WindowsStandalone target not found
Mono: successfully reloaded assembly
- Finished resetting the current domain, in  2.074 seconds
Domain Reload Profiling: 4288ms
	BeginReloadAssembly (544ms)
		ExecutionOrderSort (0ms)
		DisableScriptedObjects (67ms)
		BackupInstance (0ms)
		ReleaseScriptingObjects (0ms)
		CreateAndSetChildDomain (116ms)
	RebuildCommonClasses (107ms)
	RebuildNativeTypeToScriptingClass (44ms)
	initialDomainReloadingComplete (80ms)
	LoadAllAssembliesAndSetupDomain (1437ms)
		LoadAssemblies (1013ms)
		RebuildTransferFunctionScriptingTraits (0ms)
		AnalyzeDomain (689ms)
			TypeCache.Refresh (17ms)
				TypeCache.ScanAssembly (0ms)
			BuildScriptInfoCaches (634ms)
			ResolveRequiredComponents (31ms)
	FinalizeReload (2075ms)
		ReleaseScriptCaches (0ms)
		RebuildScriptCaches (0ms)
		SetupLoadedEditorAssemblies (1486ms)
			LogAssemblyErrors (0ms)
			InitializePlatformSupportModulesInManaged (5ms)
			SetLoadedEditorAssemblies (11ms)
			BeforeProcessingInitializeOnLoad (345ms)
			ProcessInitializeOnLoadAttributes (926ms)
			ProcessInitializeOnLoadMethodAttributes (173ms)
			AfterProcessingInitializeOnLoad (25ms)
			EditorAssembliesLoaded (1ms)
		ExecutionOrderSort2 (0ms)
		AwakeInstancesAfterBackupRestoration (74ms)
Refreshing native plugins compatible for Editor in 9.05 ms, found 4 plugins.
Preloading 0 native plugins for Editor in 0.00 ms.
Unloading 13 Unused Serialized files (Serialized files now loaded: 0)
Unloading 6617 unused Assets / (7.5 MB). Loaded Objects now: 7381.
Memory consumption went from 151.0 MB to 143.5 MB.
Total: 48.390000 ms (FindLiveObjects: 1.919100 ms CreateObjectMapping: 4.138700 ms MarkObjects: 22.372900 ms  DeleteObjects: 19.956800 ms)

Prepare: number of updated asset objects reloaded= 0
========================================================================
Received Import Request.
  Time since last request: 1791.463149 seconds.
  path: Assets/Scenes/Obsolete/Menulis.unity
  artifactKey: Guid(d320652854cfc1748b0515a2033bc441) Importer(815301076,1909f56bfc062723c751e8b465ee728b)
Start importing Assets/Scenes/Obsolete/Menulis.unity using Guid(d320652854cfc1748b0515a2033bc441) Importer(815301076,1909f56bfc062723c751e8b465ee728b) (PreviewImporter) -> (artifact id: '529a3b498e5e354c3dbcd44c411cf5cd') in 0.0902827 seconds
Number of updated asset objects reloaded before import = 0Number of asset objects unloaded after import = 0

========================================================================
Received Prepare
Begin MonoManager ReloadAssembly
- Loaded All Assemblies, in  2.165 seconds
Refreshing native plugins compatible for Editor in 7.30 ms, found 4 plugins.
Native extension for WindowsStandalone target not found
Mono: successfully reloaded assembly
- Finished resetting the current domain, in  2.343 seconds
Domain Reload Profiling: 4495ms
	BeginReloadAssembly (543ms)
		ExecutionOrderSort (0ms)
		DisableScriptedObjects (72ms)
		BackupInstance (0ms)
		ReleaseScriptingObjects (0ms)
		CreateAndSetChildDomain (114ms)
	RebuildCommonClasses (116ms)
	RebuildNativeTypeToScriptingClass (47ms)
	initialDomainReloadingComplete (90ms)
	LoadAllAssembliesAndSetupDomain (1354ms)
		LoadAssemblies (1029ms)
		RebuildTransferFunctionScriptingTraits (0ms)
		AnalyzeDomain (592ms)
			TypeCache.Refresh (16ms)
				TypeCache.ScanAssembly (0ms)
			BuildScriptInfoCaches (536ms)
			ResolveRequiredComponents (33ms)
	FinalizeReload (2344ms)
		ReleaseScriptCaches (0ms)
		RebuildScriptCaches (0ms)
		SetupLoadedEditorAssemblies (1750ms)
			LogAssemblyErrors (0ms)
			InitializePlatformSupportModulesInManaged (5ms)
			SetLoadedEditorAssemblies (11ms)
			BeforeProcessingInitializeOnLoad (422ms)
			ProcessInitializeOnLoadAttributes (1073ms)
			ProcessInitializeOnLoadMethodAttributes (213ms)
			AfterProcessingInitializeOnLoad (26ms)
			EditorAssembliesLoaded (1ms)
		ExecutionOrderSort2 (0ms)
		AwakeInstancesAfterBackupRestoration (70ms)
Refreshing native plugins compatible for Editor in 6.04 ms, found 4 plugins.
Preloading 0 native plugins for Editor in 0.00 ms.
Unloading 13 Unused Serialized files (Serialized files now loaded: 0)
Unloading 6617 unused Assets / (4.2 MB). Loaded Objects now: 7383.
Memory consumption went from 151.0 MB to 146.8 MB.
Total: 21.711500 ms (FindLiveObjects: 1.409800 ms CreateObjectMapping: 1.480800 ms MarkObjects: 11.654400 ms  DeleteObjects: 7.164400 ms)

Prepare: number of updated asset objects reloaded= 0
========================================================================
Received Prepare
Begin MonoManager ReloadAssembly
- Loaded All Assemblies, in  2.276 seconds
Refreshing native plugins compatible for Editor in 7.16 ms, found 4 plugins.
Native extension for WindowsStandalone target not found
Mono: successfully reloaded assembly
- Finished resetting the current domain, in  2.203 seconds
Domain Reload Profiling: 4463ms
	BeginReloadAssembly (600ms)
		ExecutionOrderSort (0ms)
		DisableScriptedObjects (78ms)
		BackupInstance (0ms)
		ReleaseScriptingObjects (0ms)
		CreateAndSetChildDomain (117ms)
	RebuildCommonClasses (111ms)
	RebuildNativeTypeToScriptingClass (40ms)
	initialDomainReloadingComplete (85ms)
	LoadAllAssembliesAndSetupDomain (1423ms)
		LoadAssemblies (1097ms)
		RebuildTransferFunctionScriptingTraits (0ms)
		AnalyzeDomain (620ms)
			TypeCache.Refresh (23ms)
				TypeCache.ScanAssembly (0ms)
			BuildScriptInfoCaches (557ms)
			ResolveRequiredComponents (34ms)
	FinalizeReload (2204ms)
		ReleaseScriptCaches (0ms)
		RebuildScriptCaches (0ms)
		SetupLoadedEditorAssemblies (1615ms)
			LogAssemblyErrors (0ms)
			InitializePlatformSupportModulesInManaged (5ms)
			SetLoadedEditorAssemblies (11ms)
			BeforeProcessingInitializeOnLoad (391ms)
			ProcessInitializeOnLoadAttributes (986ms)
			ProcessInitializeOnLoadMethodAttributes (191ms)
			AfterProcessingInitializeOnLoad (30ms)
			EditorAssembliesLoaded (1ms)
		ExecutionOrderSort2 (0ms)
		AwakeInstancesAfterBackupRestoration (78ms)
Refreshing native plugins compatible for Editor in 6.31 ms, found 4 plugins.
Preloading 0 native plugins for Editor in 0.00 ms.
Unloading 13 Unused Serialized files (Serialized files now loaded: 0)
Unloading 6617 unused Assets / (4.0 MB). Loaded Objects now: 7385.
Memory consumption went from 151.0 MB to 147.0 MB.
Total: 23.418100 ms (FindLiveObjects: 1.374100 ms CreateObjectMapping: 1.668900 ms MarkObjects: 13.456900 ms  DeleteObjects: 6.915700 ms)

Prepare: number of updated asset objects reloaded= 0
========================================================================
Received Prepare
Begin MonoManager ReloadAssembly
- Loaded All Assemblies, in  2.190 seconds
Refreshing native plugins compatible for Editor in 6.11 ms, found 4 plugins.
Native extension for WindowsStandalone target not found
Mono: successfully reloaded assembly
- Finished resetting the current domain, in  2.220 seconds
Domain Reload Profiling: 4397ms
	BeginReloadAssembly (598ms)
		ExecutionOrderSort (0ms)
		DisableScriptedObjects (107ms)
		BackupInstance (0ms)
		ReleaseScriptingObjects (0ms)
		CreateAndSetChildDomain (109ms)
	RebuildCommonClasses (118ms)
	RebuildNativeTypeToScriptingClass (41ms)
	initialDomainReloadingComplete (84ms)
	LoadAllAssembliesAndSetupDomain (1335ms)
		LoadAssemblies (1029ms)
		RebuildTransferFunctionScriptingTraits (0ms)
		AnalyzeDomain (579ms)
			TypeCache.Refresh (18ms)
				TypeCache.ScanAssembly (0ms)
			BuildScriptInfoCaches (520ms)
			ResolveRequiredComponents (35ms)
	FinalizeReload (2221ms)
		ReleaseScriptCaches (0ms)
		RebuildScriptCaches (0ms)
		SetupLoadedEditorAssemblies (1618ms)
			LogAssemblyErrors (0ms)
			InitializePlatformSupportModulesInManaged (6ms)
			SetLoadedEditorAssemblies (13ms)
			BeforeProcessingInitializeOnLoad (385ms)
			ProcessInitializeOnLoadAttributes (963ms)
			ProcessInitializeOnLoadMethodAttributes (219ms)
			AfterProcessingInitializeOnLoad (31ms)
			EditorAssembliesLoaded (1ms)
		ExecutionOrderSort2 (0ms)
		AwakeInstancesAfterBackupRestoration (78ms)
Refreshing native plugins compatible for Editor in 7.18 ms, found 4 plugins.
Preloading 0 native plugins for Editor in 0.00 ms.
Unloading 13 Unused Serialized files (Serialized files now loaded: 0)
Unloading 6617 unused Assets / (4.3 MB). Loaded Objects now: 7387.
Memory consumption went from 151.0 MB to 146.7 MB.
Total: 25.143500 ms (FindLiveObjects: 1.937000 ms CreateObjectMapping: 1.912200 ms MarkObjects: 14.286400 ms  DeleteObjects: 7.005600 ms)

Prepare: number of updated asset objects reloaded= 0
========================================================================
Received Prepare
Begin MonoManager ReloadAssembly
- Loaded All Assemblies, in  2.218 seconds
Refreshing native plugins compatible for Editor in 5.19 ms, found 4 plugins.
Native extension for WindowsStandalone target not found
Mono: successfully reloaded assembly
- Finished resetting the current domain, in  2.137 seconds
Domain Reload Profiling: 4338ms
	BeginReloadAssembly (579ms)
		ExecutionOrderSort (0ms)
		DisableScriptedObjects (75ms)
		BackupInstance (0ms)
		ReleaseScriptingObjects (0ms)
		CreateAndSetChildDomain (113ms)
	RebuildCommonClasses (145ms)
	RebuildNativeTypeToScriptingClass (40ms)
	initialDomainReloadingComplete (86ms)
	LoadAllAssembliesAndSetupDomain (1350ms)
		LoadAssemblies (1047ms)
		RebuildTransferFunctionScriptingTraits (0ms)
		AnalyzeDomain (586ms)
			TypeCache.Refresh (19ms)
				TypeCache.ScanAssembly (0ms)
			BuildScriptInfoCaches (529ms)
			ResolveRequiredComponents (32ms)
	FinalizeReload (2138ms)
		ReleaseScriptCaches (0ms)
		RebuildScriptCaches (0ms)
		SetupLoadedEditorAssemblies (1542ms)
			LogAssemblyErrors (0ms)
			InitializePlatformSupportModulesInManaged (5ms)
			SetLoadedEditorAssemblies (10ms)
			BeforeProcessingInitializeOnLoad (364ms)
			ProcessInitializeOnLoadAttributes (901ms)
			ProcessInitializeOnLoadMethodAttributes (232ms)
			AfterProcessingInitializeOnLoad (29ms)
			EditorAssembliesLoaded (1ms)
		ExecutionOrderSort2 (0ms)
		AwakeInstancesAfterBackupRestoration (72ms)
Refreshing native plugins compatible for Editor in 6.09 ms, found 4 plugins.
Preloading 0 native plugins for Editor in 0.00 ms.
Unloading 13 Unused Serialized files (Serialized files now loaded: 0)
Unloading 6617 unused Assets / (4.6 MB). Loaded Objects now: 7389.
Memory consumption went from 151.0 MB to 146.4 MB.
Total: 22.030600 ms (FindLiveObjects: 1.425500 ms CreateObjectMapping: 1.976200 ms MarkObjects: 12.149600 ms  DeleteObjects: 6.477300 ms)

Prepare: number of updated asset objects reloaded= 0
========================================================================
Received Prepare
Begin MonoManager ReloadAssembly
- Loaded All Assemblies, in  2.146 seconds
Refreshing native plugins compatible for Editor in 5.36 ms, found 4 plugins.
Native extension for WindowsStandalone target not found
Mono: successfully reloaded assembly
- Finished resetting the current domain, in  2.107 seconds
Domain Reload Profiling: 4242ms
	BeginReloadAssembly (551ms)
		ExecutionOrderSort (0ms)
		DisableScriptedObjects (71ms)
		BackupInstance (0ms)
		ReleaseScriptingObjects (0ms)
		CreateAndSetChildDomain (109ms)
	RebuildCommonClasses (114ms)
	RebuildNativeTypeToScriptingClass (42ms)
	initialDomainReloadingComplete (84ms)
	LoadAllAssembliesAndSetupDomain (1343ms)
		LoadAssemblies (1021ms)
		RebuildTransferFunctionScriptingTraits (0ms)
		AnalyzeDomain (590ms)
			TypeCache.Refresh (19ms)
				TypeCache.ScanAssembly (0ms)
			BuildScriptInfoCaches (531ms)
			ResolveRequiredComponents (34ms)
	FinalizeReload (2108ms)
		ReleaseScriptCaches (0ms)
		RebuildScriptCaches (0ms)
		SetupLoadedEditorAssemblies (1529ms)
			LogAssemblyErrors (0ms)
			InitializePlatformSupportModulesInManaged (5ms)
			SetLoadedEditorAssemblies (12ms)
			BeforeProcessingInitializeOnLoad (404ms)
			ProcessInitializeOnLoadAttributes (923ms)
			ProcessInitializeOnLoadMethodAttributes (162ms)
			AfterProcessingInitializeOnLoad (21ms)
			EditorAssembliesLoaded (1ms)
		ExecutionOrderSort2 (0ms)
		AwakeInstancesAfterBackupRestoration (59ms)
Refreshing native plugins compatible for Editor in 6.34 ms, found 4 plugins.
Preloading 0 native plugins for Editor in 0.00 ms.
Unloading 13 Unused Serialized files (Serialized files now loaded: 0)
Unloading 6617 unused Assets / (4.4 MB). Loaded Objects now: 7391.
Memory consumption went from 151.0 MB to 146.6 MB.
Total: 23.795000 ms (FindLiveObjects: 1.610600 ms CreateObjectMapping: 1.501200 ms MarkObjects: 12.663200 ms  DeleteObjects: 8.018000 ms)

Prepare: number of updated asset objects reloaded= 0
========================================================================
Received Prepare
Begin MonoManager ReloadAssembly
Error loading the file 'Library/BuildProfileContext.asset'. File is either empty or corrupted, please verify the file contents.
UnityEngine.Debug:ExtractStackTraceNoAlloc (byte*,int,string)
UnityEngine.StackTraceUtility:ExtractStackTrace ()
UnityEditorInternal.InternalEditorUtility:SaveToSerializedFileAndForgetInternal (string,UnityEngine.Object[],bool)
UnityEditorInternal.InternalEditorUtility:SaveToSerializedFileAndForget (UnityEngine.Object[],string,bool)
UnityEditor.Build.Profile.BuildProfileContext:Save ()
UnityEditor.Build.Profile.BuildProfileContext:OnDisable ()

[ line 0]

Error loading the file 'Library/BuildProfiles/PlatformProfile.4e3c793746204150860bf175a9a41a05.asset'. File is either empty or corrupted, please verify the file contents.
UnityEngine.Debug:ExtractStackTraceNoAlloc (byte*,int,string)
UnityEngine.StackTraceUtility:ExtractStackTrace ()
UnityEditorInternal.InternalEditorUtility:SaveToSerializedFileAndForgetInternal (string,UnityEngine.Object[],bool)
UnityEditorInternal.InternalEditorUtility:SaveToSerializedFileAndForget (UnityEngine.Object[],string,bool)
UnityEditor.Build.Profile.BuildProfileContext:SaveBuildProfileInProject (UnityEditor.Build.Profile.BuildProfile)
UnityEditor.Build.Profile.BuildProfileContext:OnDisable ()

[ line 0]

- Loaded All Assemblies, in  2.197 seconds
Refreshing native plugins compatible for Editor in 6.68 ms, found 4 plugins.
Native extension for WindowsStandalone target not found
Mono: successfully reloaded assembly
- Finished resetting the current domain, in  2.130 seconds
Domain Reload Profiling: 4310ms
	BeginReloadAssembly (550ms)
		ExecutionOrderSort (0ms)
		DisableScriptedObjects (74ms)
		BackupInstance (0ms)
		ReleaseScriptingObjects (0ms)
		CreateAndSetChildDomain (102ms)
	RebuildCommonClasses (115ms)
	RebuildNativeTypeToScriptingClass (45ms)
	initialDomainReloadingComplete (110ms)
	LoadAllAssembliesAndSetupDomain (1359ms)
		LoadAssemblies (1048ms)
		RebuildTransferFunctionScriptingTraits (0ms)
		AnalyzeDomain (585ms)
			TypeCache.Refresh (18ms)
				TypeCache.ScanAssembly (0ms)
			BuildScriptInfoCaches (526ms)
			ResolveRequiredComponents (34ms)
	FinalizeReload (2131ms)
		ReleaseScriptCaches (0ms)
		RebuildScriptCaches (0ms)
		SetupLoadedEditorAssemblies (1537ms)
			LogAssemblyErrors (0ms)
			InitializePlatformSupportModulesInManaged (6ms)
			SetLoadedEditorAssemblies (13ms)
			BeforeProcessingInitializeOnLoad (384ms)
			ProcessInitializeOnLoadAttributes (878ms)
			ProcessInitializeOnLoadMethodAttributes (227ms)
			AfterProcessingInitializeOnLoad (28ms)
			EditorAssembliesLoaded (1ms)
		ExecutionOrderSort2 (0ms)
		AwakeInstancesAfterBackupRestoration (77ms)
Refreshing native plugins compatible for Editor in 6.04 ms, found 4 plugins.
Preloading 0 native plugins for Editor in 0.00 ms.
Unloading 13 Unused Serialized files (Serialized files now loaded: 0)
Unloading 6617 unused Assets / (4.3 MB). Loaded Objects now: 7394.
Memory consumption went from 151.0 MB to 146.7 MB.
Total: 24.848400 ms (FindLiveObjects: 1.656500 ms CreateObjectMapping: 2.958200 ms MarkObjects: 11.796900 ms  DeleteObjects: 8.434600 ms)

Prepare: number of updated asset objects reloaded= 0
========================================================================
Received Import Request.
  Time since last request: 336.162684 seconds.
  path: Packages/com.unity.render-pipelines.universal/Shaders/Nature/SpeedTree8_PBRLit.shadergraph
  artifactKey: Guid(9920c1f1781549a46ba081a2a15a16ec) Importer(815301076,1909f56bfc062723c751e8b465ee728b)
Start importing Packages/com.unity.render-pipelines.universal/Shaders/Nature/SpeedTree8_PBRLit.shadergraph using Guid(9920c1f1781549a46ba081a2a15a16ec) Importer(815301076,1909f56bfc062723c751e8b465ee728b) (PreviewImporter) -> (artifact id: '77b17d6c002fb9ebb44150a437ba4166') in 1.5320667 seconds
Number of updated asset objects reloaded before import = 0Number of asset objects unloaded after import = 0

========================================================================
Received Import Request.
  Time since last request: 0.000160 seconds.
  path: Assets/TextMesh Pro/Shaders/TMP_SDF-HDRP LIT.shadergraph
  artifactKey: Guid(ca2ed216f98028c4dae6c5224a952b3c) Importer(815301076,1909f56bfc062723c751e8b465ee728b)
Start importing Assets/TextMesh Pro/Shaders/TMP_SDF-HDRP LIT.shadergraph using Guid(ca2ed216f98028c4dae6c5224a952b3c) Importer(815301076,1909f56bfc062723c751e8b465ee728b) (PreviewImporter) -> (artifact id: 'a6822d8061b59a36dd5fe0d21ddf442c') in 0.0232066 seconds
Number of updated asset objects reloaded before import = 0Number of asset objects unloaded after import = 2

========================================================================
Received Import Request.
  Time since last request: 0.000050 seconds.
  path: Assets/TextMesh Pro/Shaders/TMP_SDF-HDRP UNLIT.shadergraph
  artifactKey: Guid(f63d574838ccfb44f84acc05fed0af48) Importer(815301076,1909f56bfc062723c751e8b465ee728b)
Start importing Assets/TextMesh Pro/Shaders/TMP_SDF-HDRP UNLIT.shadergraph using Guid(f63d574838ccfb44f84acc05fed0af48) Importer(815301076,1909f56bfc062723c751e8b465ee728b) (PreviewImporter) -> (artifact id: '5afe5b860980c56c0c0d116658443a51') in 0.0124343 seconds
Number of updated asset objects reloaded before import = 0Number of asset objects unloaded after import = 2

========================================================================
Received Prepare
Begin MonoManager ReloadAssembly
- Loaded All Assemblies, in  2.197 seconds
Refreshing native plugins compatible for Editor in 5.19 ms, found 4 plugins.
Native extension for WindowsStandalone target not found
Mono: successfully reloaded assembly
- Finished resetting the current domain, in  2.169 seconds
Domain Reload Profiling: 4351ms
	BeginReloadAssembly (619ms)
		ExecutionOrderSort (0ms)
		DisableScriptedObjects (95ms)
		BackupInstance (0ms)
		ReleaseScriptingObjects (0ms)
		CreateAndSetChildDomain (135ms)
	RebuildCommonClasses (109ms)
	RebuildNativeTypeToScriptingClass (37ms)
	initialDomainReloadingComplete (82ms)
	LoadAllAssembliesAndSetupDomain (1333ms)
		LoadAssemblies (1032ms)
		RebuildTransferFunctionScriptingTraits (0ms)
		AnalyzeDomain (588ms)
			TypeCache.Refresh (18ms)
				TypeCache.ScanAssembly (0ms)
			BuildScriptInfoCaches (526ms)
			ResolveRequiredComponents (37ms)
	FinalizeReload (2170ms)
		ReleaseScriptCaches (0ms)
		RebuildScriptCaches (0ms)
		SetupLoadedEditorAssemblies (1560ms)
			LogAssemblyErrors (0ms)
			InitializePlatformSupportModulesInManaged (5ms)
			SetLoadedEditorAssemblies (12ms)
			BeforeProcessingInitializeOnLoad (411ms)
			ProcessInitializeOnLoadAttributes (893ms)
			ProcessInitializeOnLoadMethodAttributes (212ms)
			AfterProcessingInitializeOnLoad (26ms)
			EditorAssembliesLoaded (1ms)
		ExecutionOrderSort2 (0ms)
		AwakeInstancesAfterBackupRestoration (74ms)
Refreshing native plugins compatible for Editor in 5.49 ms, found 4 plugins.
Preloading 0 native plugins for Editor in 0.00 ms.
Unloading 13 Unused Serialized files (Serialized files now loaded: 0)
Unloading 6627 unused Assets / (4.7 MB). Loaded Objects now: 7458.
Memory consumption went from 154.1 MB to 149.3 MB.
Total: 21.238600 ms (FindLiveObjects: 1.302100 ms CreateObjectMapping: 2.108600 ms MarkObjects: 11.148800 ms  DeleteObjects: 6.676700 ms)

Prepare: number of updated asset objects reloaded= 0
========================================================================
Received Import Request.
  Time since last request: 266.348605 seconds.
  path: Assets/Sprites/MeteorSheet.png
  artifactKey: Guid(bfa57348e132acd4aa9d1d35290f2192) Importer(815301076,1909f56bfc062723c751e8b465ee728b)
Start importing Assets/Sprites/MeteorSheet.png using Guid(bfa57348e132acd4aa9d1d35290f2192) Importer(815301076,1909f56bfc062723c751e8b465ee728b) (PreviewImporter) -> (artifact id: '3093fb48c9574fbce3a2a75e96ba7cd2') in 0.2808285 seconds
Number of updated asset objects reloaded before import = 0Number of asset objects unloaded after import = 3

========================================================================
Received Prepare
Begin MonoManager ReloadAssembly
- Loaded All Assemblies, in  2.358 seconds
Refreshing native plugins compatible for Editor in 5.95 ms, found 4 plugins.
Native extension for WindowsStandalone target not found
Mono: successfully reloaded assembly
- Finished resetting the current domain, in  2.186 seconds
Domain Reload Profiling: 4534ms
	BeginReloadAssembly (665ms)
		ExecutionOrderSort (0ms)
		DisableScriptedObjects (86ms)
		BackupInstance (0ms)
		ReleaseScriptingObjects (0ms)
		CreateAndSetChildDomain (143ms)
	RebuildCommonClasses (113ms)
	RebuildNativeTypeToScriptingClass (43ms)
	initialDomainReloadingComplete (86ms)
	LoadAllAssembliesAndSetupDomain (1440ms)
		LoadAssemblies (1089ms)
		RebuildTransferFunctionScriptingTraits (0ms)
		AnalyzeDomain (653ms)
			TypeCache.Refresh (17ms)
				TypeCache.ScanAssembly (0ms)
			BuildScriptInfoCaches (590ms)
			ResolveRequiredComponents (38ms)
	FinalizeReload (2187ms)
		ReleaseScriptCaches (0ms)
		RebuildScriptCaches (0ms)
		SetupLoadedEditorAssemblies (1608ms)
			LogAssemblyErrors (0ms)
			InitializePlatformSupportModulesInManaged (6ms)
			SetLoadedEditorAssemblies (13ms)
			BeforeProcessingInitializeOnLoad (384ms)
			ProcessInitializeOnLoadAttributes (921ms)
			ProcessInitializeOnLoadMethodAttributes (263ms)
			AfterProcessingInitializeOnLoad (20ms)
			EditorAssembliesLoaded (1ms)
		ExecutionOrderSort2 (0ms)
		AwakeInstancesAfterBackupRestoration (59ms)
Refreshing native plugins compatible for Editor in 4.86 ms, found 4 plugins.
Preloading 0 native plugins for Editor in 0.00 ms.
Unloading 13 Unused Serialized files (Serialized files now loaded: 0)
Unloading 6617 unused Assets / (4.3 MB). Loaded Objects now: 7462.
Memory consumption went from 153.9 MB to 149.5 MB.
Total: 22.481400 ms (FindLiveObjects: 1.310500 ms CreateObjectMapping: 1.131700 ms MarkObjects: 13.613900 ms  DeleteObjects: 6.423000 ms)

Prepare: number of updated asset objects reloaded= 0
========================================================================
Received Import Request.
  Time since last request: 151.763153 seconds.
  path: Assets/Sprites/CepelSheet.png
  artifactKey: Guid(698eff856f25edd49bdb7766ddac797c) Importer(815301076,1909f56bfc062723c751e8b465ee728b)
Start importing Assets/Sprites/CepelSheet.png using Guid(698eff856f25edd49bdb7766ddac797c) Importer(815301076,1909f56bfc062723c751e8b465ee728b) (PreviewImporter) -> (artifact id: '9f254d19a4c9b621ebbcb28871e18e70') in 0.2169757 seconds
Number of updated asset objects reloaded before import = 0Number of asset objects unloaded after import = 3

========================================================================
Received Import Request.
  Time since last request: 37.253289 seconds.
  path: Assets/Sprites/CepelSheet.png
  artifactKey: Guid(698eff856f25edd49bdb7766ddac797c) Importer(815301076,1909f56bfc062723c751e8b465ee728b)
Start importing Assets/Sprites/CepelSheet.png using Guid(698eff856f25edd49bdb7766ddac797c) Importer(815301076,1909f56bfc062723c751e8b465ee728b) (PreviewImporter) -> (artifact id: '168ca3a6c4dfd9ec12f0a5d1bb2131bb') in 0.1255685 seconds
Number of updated asset objects reloaded before import = 0Number of asset objects unloaded after import = 22

========================================================================
Received Import Request.
  Time since last request: 39.394377 seconds.
  path: Assets/Sprites/MeteorSheet.png
  artifactKey: Guid(bfa57348e132acd4aa9d1d35290f2192) Importer(815301076,1909f56bfc062723c751e8b465ee728b)
Start importing Assets/Sprites/MeteorSheet.png using Guid(bfa57348e132acd4aa9d1d35290f2192) Importer(815301076,1909f56bfc062723c751e8b465ee728b) (PreviewImporter) -> (artifact id: 'fcfdf73af3b4dc5fd8d67cedbd2766b4') in 0.0960101 seconds
Number of updated asset objects reloaded before import = 0Number of asset objects unloaded after import = 17

========================================================================
Received Prepare
Begin MonoManager ReloadAssembly
- Loaded All Assemblies, in  2.467 seconds
Refreshing native plugins compatible for Editor in 6.07 ms, found 4 plugins.
Native extension for WindowsStandalone target not found
Mono: successfully reloaded assembly
- Finished resetting the current domain, in  2.009 seconds
Domain Reload Profiling: 4463ms
	BeginReloadAssembly (737ms)
		ExecutionOrderSort (0ms)
		DisableScriptedObjects (174ms)
		BackupInstance (0ms)
		ReleaseScriptingObjects (0ms)
		CreateAndSetChildDomain (156ms)
	RebuildCommonClasses (110ms)
	RebuildNativeTypeToScriptingClass (44ms)
	initialDomainReloadingComplete (93ms)
	LoadAllAssembliesAndSetupDomain (1469ms)
		LoadAssemblies (1163ms)
		RebuildTransferFunctionScriptingTraits (0ms)
		AnalyzeDomain (587ms)
			TypeCache.Refresh (16ms)
				TypeCache.ScanAssembly (0ms)
			BuildScriptInfoCaches (530ms)
			ResolveRequiredComponents (32ms)
	FinalizeReload (2009ms)
		ReleaseScriptCaches (0ms)
		RebuildScriptCaches (0ms)
		SetupLoadedEditorAssemblies (1448ms)
			LogAssemblyErrors (0ms)
			InitializePlatformSupportModulesInManaged (7ms)
			SetLoadedEditorAssemblies (18ms)
			BeforeProcessingInitializeOnLoad (364ms)
			ProcessInitializeOnLoadAttributes (871ms)
			ProcessInitializeOnLoadMethodAttributes (167ms)
			AfterProcessingInitializeOnLoad (22ms)
			EditorAssembliesLoaded (1ms)
		ExecutionOrderSort2 (0ms)
		AwakeInstancesAfterBackupRestoration (61ms)
Refreshing native plugins compatible for Editor in 4.85 ms, found 4 plugins.
Preloading 0 native plugins for Editor in 0.00 ms.
Unloading 13 Unused Serialized files (Serialized files now loaded: 0)
Unloading 6617 unused Assets / (4.5 MB). Loaded Objects now: 7464.
Memory consumption went from 153.9 MB to 149.4 MB.
Total: 18.796400 ms (FindLiveObjects: 1.378700 ms CreateObjectMapping: 1.136700 ms MarkObjects: 10.560000 ms  DeleteObjects: 5.718800 ms)

Prepare: number of updated asset objects reloaded= 0
========================================================================
Received Prepare
Begin MonoManager ReloadAssembly
- Loaded All Assemblies, in  2.226 seconds
Refreshing native plugins compatible for Editor in 5.06 ms, found 4 plugins.
Native extension for WindowsStandalone target not found
Mono: successfully reloaded assembly
- Finished resetting the current domain, in  2.024 seconds
Domain Reload Profiling: 4240ms
	BeginReloadAssembly (588ms)
		ExecutionOrderSort (0ms)
		DisableScriptedObjects (87ms)
		BackupInstance (0ms)
		ReleaseScriptingObjects (0ms)
		CreateAndSetChildDomain (119ms)
	RebuildCommonClasses (105ms)
	RebuildNativeTypeToScriptingClass (41ms)
	initialDomainReloadingComplete (86ms)
	LoadAllAssembliesAndSetupDomain (1395ms)
		LoadAssemblies (1048ms)
		RebuildTransferFunctionScriptingTraits (0ms)
		AnalyzeDomain (620ms)
			TypeCache.Refresh (17ms)
				TypeCache.ScanAssembly (0ms)
			BuildScriptInfoCaches (560ms)
			ResolveRequiredComponents (35ms)
	FinalizeReload (2025ms)
		ReleaseScriptCaches (0ms)
		RebuildScriptCaches (0ms)
		SetupLoadedEditorAssemblies (1457ms)
			LogAssemblyErrors (0ms)
			InitializePlatformSupportModulesInManaged (6ms)
			SetLoadedEditorAssemblies (13ms)
			BeforeProcessingInitializeOnLoad (400ms)
			ProcessInitializeOnLoadAttributes (866ms)
			ProcessInitializeOnLoadMethodAttributes (150ms)
			AfterProcessingInitializeOnLoad (21ms)
			EditorAssembliesLoaded (1ms)
		ExecutionOrderSort2 (0ms)
		AwakeInstancesAfterBackupRestoration (54ms)
Refreshing native plugins compatible for Editor in 4.19 ms, found 4 plugins.
Preloading 0 native plugins for Editor in 0.00 ms.
Unloading 13 Unused Serialized files (Serialized files now loaded: 0)
Unloading 6617 unused Assets / (4.0 MB). Loaded Objects now: 7466.
Memory consumption went from 153.9 MB to 149.9 MB.
Total: 17.054600 ms (FindLiveObjects: 1.291300 ms CreateObjectMapping: 1.326500 ms MarkObjects: 9.500300 ms  DeleteObjects: 4.934600 ms)

Prepare: number of updated asset objects reloaded= 0
========================================================================
Received Import Request.
  Time since last request: 1220.682623 seconds.
  path: Assets/Scripts/Platforming.cs
  artifactKey: Guid(3ea7f747fcf293e43afb4cee5b03c6f8) Importer(815301076,1909f56bfc062723c751e8b465ee728b)
Start importing Assets/Scripts/Platforming.cs using Guid(3ea7f747fcf293e43afb4cee5b03c6f8) Importer(815301076,1909f56bfc062723c751e8b465ee728b) (PreviewImporter) -> (artifact id: '222214d975f6ce887e75d13a1ce33890') in 0.0186893 seconds
Number of updated asset objects reloaded before import = 0Number of asset objects unloaded after import = 0

========================================================================
Received Import Request.
  Time since last request: 110.197693 seconds.
  path: Assets/Scripts/LevelSelect.cs
  artifactKey: Guid(2b8224fd463c6ad4f8fced53207f0308) Importer(815301076,1909f56bfc062723c751e8b465ee728b)
Start importing Assets/Scripts/LevelSelect.cs using Guid(2b8224fd463c6ad4f8fced53207f0308) Importer(815301076,1909f56bfc062723c751e8b465ee728b) (PreviewImporter) -> (artifact id: '69499f7fa1d6ebd3b815d89a467a5e23') in 0.0019937 seconds
Number of updated asset objects reloaded before import = 0Number of asset objects unloaded after import = 0

========================================================================
Received Import Request.
  Time since last request: 8.107646 seconds.
  path: Assets/Scripts/LevelSelection.cs
  artifactKey: Guid(15f028f6ebe61064bbc826e5089271a5) Importer(815301076,1909f56bfc062723c751e8b465ee728b)
Start importing Assets/Scripts/LevelSelection.cs using Guid(15f028f6ebe61064bbc826e5089271a5) Importer(815301076,1909f56bfc062723c751e8b465ee728b) (PreviewImporter) -> (artifact id: '107f319cf16f26c7d32dbde3f6fead18') in 0.0034858 seconds
Number of updated asset objects reloaded before import = 0Number of asset objects unloaded after import = 0

========================================================================
Received Import Request.
  Time since last request: 7.620074 seconds.
  path: Assets/Scripts/MainMenu.cs
  artifactKey: Guid(a916b9dd23a4e094a8d967280ce6a941) Importer(815301076,1909f56bfc062723c751e8b465ee728b)
Start importing Assets/Scripts/MainMenu.cs using Guid(a916b9dd23a4e094a8d967280ce6a941) Importer(815301076,1909f56bfc062723c751e8b465ee728b) (PreviewImporter) -> (artifact id: '3becffa2f052ac002f47d677608fc638') in 0.0019682 seconds
Number of updated asset objects reloaded before import = 0Number of asset objects unloaded after import = 0

========================================================================
Received Import Request.
  Time since last request: 146.405234 seconds.
  path: Assets/Scenes/Obsolete/Platformos.unity
  artifactKey: Guid(6986f87572a253d429d2fd45a93b524d) Importer(815301076,1909f56bfc062723c751e8b465ee728b)
Start importing Assets/Scenes/Obsolete/Platformos.unity using Guid(6986f87572a253d429d2fd45a93b524d) Importer(815301076,1909f56bfc062723c751e8b465ee728b) (PreviewImporter) -> (artifact id: 'bf7ff1e3ca05e695b82eff2341063f22') in 0.0023103 seconds
Number of updated asset objects reloaded before import = 0Number of asset objects unloaded after import = 0

========================================================================
Received Prepare
Begin MonoManager ReloadAssembly
- Loaded All Assemblies, in  4.617 seconds
Refreshing native plugins compatible for Editor in 5.64 ms, found 4 plugins.
Native extension for WindowsStandalone target not found
Mono: successfully reloaded assembly
- Finished resetting the current domain, in  3.305 seconds
Domain Reload Profiling: 7824ms
	BeginReloadAssembly (1078ms)
		ExecutionOrderSort (2ms)
		DisableScriptedObjects (166ms)
		BackupInstance (0ms)
		ReleaseScriptingObjects (0ms)
		CreateAndSetChildDomain (149ms)
	RebuildCommonClasses (137ms)
	RebuildNativeTypeToScriptingClass (53ms)
	initialDomainReloadingComplete (110ms)
	LoadAllAssembliesAndSetupDomain (3140ms)
		LoadAssemblies (2048ms)
		RebuildTransferFunctionScriptingTraits (0ms)
		AnalyzeDomain (1658ms)
			TypeCache.Refresh (43ms)
				TypeCache.ScanAssembly (0ms)
			BuildScriptInfoCaches (1536ms)
			ResolveRequiredComponents (67ms)
	FinalizeReload (3306ms)
		ReleaseScriptCaches (0ms)
		RebuildScriptCaches (0ms)
		SetupLoadedEditorAssemblies (2581ms)
			LogAssemblyErrors (0ms)
			InitializePlatformSupportModulesInManaged (6ms)
			SetLoadedEditorAssemblies (13ms)
			BeforeProcessingInitializeOnLoad (578ms)
			ProcessInitializeOnLoadAttributes (1711ms)
			ProcessInitializeOnLoadMethodAttributes (244ms)
			AfterProcessingInitializeOnLoad (28ms)
			EditorAssembliesLoaded (1ms)
		ExecutionOrderSort2 (0ms)
		AwakeInstancesAfterBackupRestoration (90ms)
Refreshing native plugins compatible for Editor in 8.90 ms, found 4 plugins.
Preloading 0 native plugins for Editor in 0.00 ms.
Unloading 13 Unused Serialized files (Serialized files now loaded: 0)
Unloading 6617 unused Assets / (3.5 MB). Loaded Objects now: 7468.
Memory consumption went from 153.9 MB to 150.4 MB.
Total: 27.870200 ms (FindLiveObjects: 1.771500 ms CreateObjectMapping: 1.974400 ms MarkObjects: 15.798200 ms  DeleteObjects: 8.323900 ms)

Prepare: number of updated asset objects reloaded= 0
========================================================================
Received Prepare
Begin MonoManager ReloadAssembly
- Loaded All Assemblies, in  5.766 seconds
Refreshing native plugins compatible for Editor in 8.66 ms, found 4 plugins.
Native extension for WindowsStandalone target not found
Mono: successfully reloaded assembly
- Finished resetting the current domain, in  3.438 seconds
Domain Reload Profiling: 9141ms
	BeginReloadAssembly (1273ms)
		ExecutionOrderSort (0ms)
		DisableScriptedObjects (127ms)
		BackupInstance (0ms)
		ReleaseScriptingObjects (0ms)
		CreateAndSetChildDomain (361ms)
	RebuildCommonClasses (305ms)
	RebuildNativeTypeToScriptingClass (117ms)
	initialDomainReloadingComplete (221ms)
	LoadAllAssembliesAndSetupDomain (3784ms)
		LoadAssemblies (2892ms)
		RebuildTransferFunctionScriptingTraits (0ms)
		AnalyzeDomain (1413ms)
			TypeCache.Refresh (38ms)
				TypeCache.ScanAssembly (0ms)
			BuildScriptInfoCaches (1313ms)
			ResolveRequiredComponents (51ms)
	FinalizeReload (3440ms)
		ReleaseScriptCaches (0ms)
		RebuildScriptCaches (0ms)
		SetupLoadedEditorAssemblies (2566ms)
			LogAssemblyErrors (0ms)
			InitializePlatformSupportModulesInManaged (7ms)
			SetLoadedEditorAssemblies (13ms)
			BeforeProcessingInitializeOnLoad (592ms)
			ProcessInitializeOnLoadAttributes (1473ms)
			ProcessInitializeOnLoadMethodAttributes (439ms)
			AfterProcessingInitializeOnLoad (41ms)
			EditorAssembliesLoaded (1ms)
		ExecutionOrderSort2 (0ms)
		AwakeInstancesAfterBackupRestoration (92ms)
Refreshing native plugins compatible for Editor in 17.89 ms, found 4 plugins.
Preloading 0 native plugins for Editor in 0.00 ms.
Unloading 13 Unused Serialized files (Serialized files now loaded: 0)
Unloading 6617 unused Assets / (4.4 MB). Loaded Objects now: 7470.
Memory consumption went from 153.9 MB to 149.5 MB.
Total: 40.053300 ms (FindLiveObjects: 1.803600 ms CreateObjectMapping: 4.753700 ms MarkObjects: 20.186100 ms  DeleteObjects: 13.307800 ms)

Prepare: number of updated asset objects reloaded= 0
========================================================================
Received Prepare
Begin MonoManager ReloadAssembly
- Loaded All Assemblies, in  2.670 seconds
Refreshing native plugins compatible for Editor in 5.52 ms, found 4 plugins.
Native extension for WindowsStandalone target not found
Mono: successfully reloaded assembly
- Finished resetting the current domain, in  2.374 seconds
Domain Reload Profiling: 5023ms
	BeginReloadAssembly (583ms)
		ExecutionOrderSort (0ms)
		DisableScriptedObjects (70ms)
		BackupInstance (0ms)
		ReleaseScriptingObjects (0ms)
		CreateAndSetChildDomain (108ms)
	RebuildCommonClasses (112ms)
	RebuildNativeTypeToScriptingClass (43ms)
	initialDomainReloadingComplete (107ms)
	LoadAllAssembliesAndSetupDomain (1803ms)
		LoadAssemblies (1437ms)
		RebuildTransferFunctionScriptingTraits (0ms)
		AnalyzeDomain (662ms)
			TypeCache.Refresh (38ms)
				TypeCache.ScanAssembly (0ms)
			BuildScriptInfoCaches (584ms)
			ResolveRequiredComponents (33ms)
	FinalizeReload (2374ms)
		ReleaseScriptCaches (0ms)
		RebuildScriptCaches (0ms)
		SetupLoadedEditorAssemblies (1772ms)
			LogAssemblyErrors (0ms)
			InitializePlatformSupportModulesInManaged (8ms)
			SetLoadedEditorAssemblies (16ms)
			BeforeProcessingInitializeOnLoad (441ms)
			ProcessInitializeOnLoadAttributes (1052ms)
			ProcessInitializeOnLoadMethodAttributes (222ms)
			AfterProcessingInitializeOnLoad (32ms)
			EditorAssembliesLoaded (1ms)
		ExecutionOrderSort2 (0ms)
		AwakeInstancesAfterBackupRestoration (82ms)
Refreshing native plugins compatible for Editor in 7.45 ms, found 4 plugins.
Preloading 0 native plugins for Editor in 0.00 ms.
Unloading 13 Unused Serialized files (Serialized files now loaded: 0)
Unloading 6617 unused Assets / (3.7 MB). Loaded Objects now: 7472.
Memory consumption went from 153.9 MB to 150.2 MB.
Total: 24.183200 ms (FindLiveObjects: 1.344300 ms CreateObjectMapping: 2.573600 ms MarkObjects: 13.544500 ms  DeleteObjects: 6.718500 ms)

Prepare: number of updated asset objects reloaded= 0
========================================================================
Received Prepare
Begin MonoManager ReloadAssembly
- Loaded All Assemblies, in  2.297 seconds
Refreshing native plugins compatible for Editor in 4.86 ms, found 4 plugins.
Native extension for WindowsStandalone target not found
Mono: successfully reloaded assembly
- Finished resetting the current domain, in  2.085 seconds
Domain Reload Profiling: 4370ms
	BeginReloadAssembly (526ms)
		ExecutionOrderSort (0ms)
		DisableScriptedObjects (67ms)
		BackupInstance (0ms)
		ReleaseScriptingObjects (0ms)
		CreateAndSetChildDomain (102ms)
	RebuildCommonClasses (112ms)
	RebuildNativeTypeToScriptingClass (40ms)
	initialDomainReloadingComplete (82ms)
	LoadAllAssembliesAndSetupDomain (1525ms)
		LoadAssemblies (1155ms)
		RebuildTransferFunctionScriptingTraits (0ms)
		AnalyzeDomain (626ms)
			TypeCache.Refresh (19ms)
				TypeCache.ScanAssembly (0ms)
			BuildScriptInfoCaches (562ms)
			ResolveRequiredComponents (36ms)
	FinalizeReload (2086ms)
		ReleaseScriptCaches (0ms)
		RebuildScriptCaches (0ms)
		SetupLoadedEditorAssemblies (1488ms)
			LogAssemblyErrors (0ms)
			InitializePlatformSupportModulesInManaged (5ms)
			SetLoadedEditorAssemblies (10ms)
			BeforeProcessingInitializeOnLoad (329ms)
			ProcessInitializeOnLoadAttributes (926ms)
			ProcessInitializeOnLoadMethodAttributes (191ms)
			AfterProcessingInitializeOnLoad (25ms)
			EditorAssembliesLoaded (1ms)
		ExecutionOrderSort2 (0ms)
		AwakeInstancesAfterBackupRestoration (75ms)
Refreshing native plugins compatible for Editor in 6.85 ms, found 4 plugins.
Preloading 0 native plugins for Editor in 0.00 ms.
Unloading 13 Unused Serialized files (Serialized files now loaded: 0)
Unloading 6617 unused Assets / (4.1 MB). Loaded Objects now: 7474.
Memory consumption went from 153.9 MB to 149.8 MB.
Total: 25.499800 ms (FindLiveObjects: 1.864700 ms CreateObjectMapping: 2.094200 ms MarkObjects: 14.488300 ms  DeleteObjects: 7.050500 ms)

Prepare: number of updated asset objects reloaded= 0
========================================================================
Received Import Request.
  Time since last request: 259.162344 seconds.
  path: Assets/Scenes/Obsolete/Menulis.unity
  artifactKey: Guid(d320652854cfc1748b0515a2033bc441) Importer(815301076,1909f56bfc062723c751e8b465ee728b)
Start importing Assets/Scenes/Obsolete/Menulis.unity using Guid(d320652854cfc1748b0515a2033bc441) Importer(815301076,1909f56bfc062723c751e8b465ee728b) (PreviewImporter) -> (artifact id: '159101f7a693cf3bd435a8acf7794dbf') in 0.0487205 seconds
Number of updated asset objects reloaded before import = 0Number of asset objects unloaded after import = 0

========================================================================
Received Import Request.
  Time since last request: 153.784931 seconds.
  path: Assets/Sprites/Placeholders/MeteorSheet.png
  artifactKey: Guid(f398196236bf705448cacda5908edcf5) Importer(815301076,1909f56bfc062723c751e8b465ee728b)
Start importing Assets/Sprites/Placeholders/MeteorSheet.png using Guid(f398196236bf705448cacda5908edcf5) Importer(815301076,1909f56bfc062723c751e8b465ee728b) (PreviewImporter) -> (artifact id: 'f5031730b26fe0191b93bfdf55dabb39') in 0.3477544 seconds
Number of updated asset objects reloaded before import = 0Number of asset objects unloaded after import = 17

========================================================================
Received Prepare
Begin MonoManager ReloadAssembly
- Loaded All Assemblies, in  2.316 seconds
Refreshing native plugins compatible for Editor in 5.98 ms, found 4 plugins.
Native extension for WindowsStandalone target not found
Mono: successfully reloaded assembly
- Finished resetting the current domain, in  2.093 seconds
Domain Reload Profiling: 4392ms
	BeginReloadAssembly (589ms)
		ExecutionOrderSort (0ms)
		DisableScriptedObjects (80ms)
		BackupInstance (0ms)
		ReleaseScriptingObjects (0ms)
		CreateAndSetChildDomain (125ms)
	RebuildCommonClasses (122ms)
	RebuildNativeTypeToScriptingClass (44ms)
	initialDomainReloadingComplete (90ms)
	LoadAllAssembliesAndSetupDomain (1454ms)
		LoadAssemblies (1054ms)
		RebuildTransferFunctionScriptingTraits (0ms)
		AnalyzeDomain (675ms)
			TypeCache.Refresh (20ms)
				TypeCache.ScanAssembly (0ms)
			BuildScriptInfoCaches (616ms)
			ResolveRequiredComponents (32ms)
	FinalizeReload (2094ms)
		ReleaseScriptCaches (0ms)
		RebuildScriptCaches (0ms)
		SetupLoadedEditorAssemblies (1515ms)
			LogAssemblyErrors (0ms)
			InitializePlatformSupportModulesInManaged (5ms)
			SetLoadedEditorAssemblies (14ms)
			BeforeProcessingInitializeOnLoad (374ms)
			ProcessInitializeOnLoadAttributes (868ms)
			ProcessInitializeOnLoadMethodAttributes (215ms)
			AfterProcessingInitializeOnLoad (37ms)
			EditorAssembliesLoaded (1ms)
		ExecutionOrderSort2 (0ms)
		AwakeInstancesAfterBackupRestoration (82ms)
Refreshing native plugins compatible for Editor in 5.16 ms, found 4 plugins.
Preloading 0 native plugins for Editor in 0.00 ms.
Unloading 13 Unused Serialized files (Serialized files now loaded: 0)
Unloading 6617 unused Assets / (4.1 MB). Loaded Objects now: 7476.
Memory consumption went from 153.9 MB to 149.8 MB.
Total: 21.190500 ms (FindLiveObjects: 1.431800 ms CreateObjectMapping: 1.156200 ms MarkObjects: 12.779600 ms  DeleteObjects: 5.821000 ms)

Prepare: number of updated asset objects reloaded= 0
========================================================================
Received Import Request.
  Time since last request: 957.519514 seconds.
  path: Assets/Sprites/MeteorMoovBack.controller
  artifactKey: Guid(9df077dd1397ad545a82a9932860af44) Importer(815301076,1909f56bfc062723c751e8b465ee728b)
Start importing Assets/Sprites/MeteorMoovBack.controller using Guid(9df077dd1397ad545a82a9932860af44) Importer(815301076,1909f56bfc062723c751e8b465ee728b) (PreviewImporter) -> (artifact id: '10233b0b2095dfebbb42383707628da0') in 0.0685067 seconds
Number of updated asset objects reloaded before import = 0Number of asset objects unloaded after import = 4

========================================================================
Received Import Request.
  Time since last request: 1.320648 seconds.
  path: Assets/Sprites/Menulis.controller
  artifactKey: Guid(a710f3864aba62048b7f2e364fa3562c) Importer(815301076,1909f56bfc062723c751e8b465ee728b)
Start importing Assets/Sprites/Menulis.controller using Guid(a710f3864aba62048b7f2e364fa3562c) Importer(815301076,1909f56bfc062723c751e8b465ee728b) (PreviewImporter) -> (artifact id: 'e114070f0f003db1fe8e82aaeec76380') in 0.0062629 seconds
Number of updated asset objects reloaded before import = 0Number of asset objects unloaded after import = 1

========================================================================
Received Import Request.
  Time since last request: 67.022892 seconds.
  path: Assets/Sprites/MoonAnimation.anim
  artifactKey: Guid(c99091a83ed28bb409ad595f7989f8a8) Importer(815301076,1909f56bfc062723c751e8b465ee728b)
Start importing Assets/Sprites/MoonAnimation.anim using Guid(c99091a83ed28bb409ad595f7989f8a8) Importer(815301076,1909f56bfc062723c751e8b465ee728b) (PreviewImporter) -> (artifact id: '3a9e0314203bbece9016bb89271b115b') in 0.0064056 seconds
Number of updated asset objects reloaded before import = 0Number of asset objects unloaded after import = 1

========================================================================
Received Prepare
Begin MonoManager ReloadAssembly
- Loaded All Assemblies, in  2.365 seconds
Refreshing native plugins compatible for Editor in 5.55 ms, found 4 plugins.
Native extension for WindowsStandalone target not found
Mono: successfully reloaded assembly
- Finished resetting the current domain, in  2.339 seconds
Domain Reload Profiling: 4691ms
	BeginReloadAssembly (584ms)
		ExecutionOrderSort (0ms)
		DisableScriptedObjects (76ms)
		BackupInstance (0ms)
		ReleaseScriptingObjects (0ms)
		CreateAndSetChildDomain (114ms)
	RebuildCommonClasses (121ms)
	RebuildNativeTypeToScriptingClass (38ms)
	initialDomainReloadingComplete (84ms)
	LoadAllAssembliesAndSetupDomain (1523ms)
		LoadAssemblies (1126ms)
		RebuildTransferFunctionScriptingTraits (0ms)
		AnalyzeDomain (678ms)
			TypeCache.Refresh (26ms)
				TypeCache.ScanAssembly (0ms)
			BuildScriptInfoCaches (609ms)
			ResolveRequiredComponents (36ms)
	FinalizeReload (2341ms)
		ReleaseScriptCaches (0ms)
		RebuildScriptCaches (0ms)
		SetupLoadedEditorAssemblies (1686ms)
			LogAssemblyErrors (0ms)
			InitializePlatformSupportModulesInManaged (5ms)
			SetLoadedEditorAssemblies (14ms)
			BeforeProcessingInitializeOnLoad (377ms)
			ProcessInitializeOnLoadAttributes (1001ms)
			ProcessInitializeOnLoadMethodAttributes (257ms)
			AfterProcessingInitializeOnLoad (31ms)
			EditorAssembliesLoaded (1ms)
		ExecutionOrderSort2 (0ms)
		AwakeInstancesAfterBackupRestoration (94ms)
Refreshing native plugins compatible for Editor in 7.31 ms, found 4 plugins.
Preloading 0 native plugins for Editor in 0.00 ms.
Unloading 13 Unused Serialized files (Serialized files now loaded: 0)
Unloading 6617 unused Assets / (4.4 MB). Loaded Objects now: 7478.
Memory consumption went from 153.9 MB to 149.6 MB.
Total: 28.637900 ms (FindLiveObjects: 1.490300 ms CreateObjectMapping: 2.665200 ms MarkObjects: 15.126900 ms  DeleteObjects: 9.353100 ms)

Prepare: number of updated asset objects reloaded= 0
========================================================================
Received Prepare
Begin MonoManager ReloadAssembly
- Loaded All Assemblies, in  2.260 seconds
Refreshing native plugins compatible for Editor in 5.81 ms, found 4 plugins.
Native extension for WindowsStandalone target not found
Mono: successfully reloaded assembly
- Finished resetting the current domain, in  2.560 seconds
Domain Reload Profiling: 4804ms
	BeginReloadAssembly (583ms)
		ExecutionOrderSort (0ms)
		DisableScriptedObjects (82ms)
		BackupInstance (0ms)
		ReleaseScriptingObjects (0ms)
		CreateAndSetChildDomain (114ms)
	RebuildCommonClasses (109ms)
	RebuildNativeTypeToScriptingClass (43ms)
	initialDomainReloadingComplete (89ms)
	LoadAllAssembliesAndSetupDomain (1418ms)
		LoadAssemblies (1075ms)
		RebuildTransferFunctionScriptingTraits (0ms)
		AnalyzeDomain (621ms)
			TypeCache.Refresh (20ms)
				TypeCache.ScanAssembly (0ms)
			BuildScriptInfoCaches (559ms)
			ResolveRequiredComponents (34ms)
	FinalizeReload (2562ms)
		ReleaseScriptCaches (0ms)
		RebuildScriptCaches (0ms)
		SetupLoadedEditorAssemblies (1906ms)
			LogAssemblyErrors (0ms)
			InitializePlatformSupportModulesInManaged (6ms)
			SetLoadedEditorAssemblies (13ms)
			BeforeProcessingInitializeOnLoad (355ms)
			ProcessInitializeOnLoadAttributes (1216ms)
			ProcessInitializeOnLoadMethodAttributes (285ms)
			AfterProcessingInitializeOnLoad (29ms)
			EditorAssembliesLoaded (2ms)
		ExecutionOrderSort2 (0ms)
		AwakeInstancesAfterBackupRestoration (99ms)
Refreshing native plugins compatible for Editor in 12.70 ms, found 4 plugins.
Preloading 0 native plugins for Editor in 0.00 ms.
Unloading 13 Unused Serialized files (Serialized files now loaded: 0)
Unloading 6617 unused Assets / (4.8 MB). Loaded Objects now: 7480.
Memory consumption went from 153.9 MB to 149.1 MB.
Total: 32.478500 ms (FindLiveObjects: 4.123700 ms CreateObjectMapping: 1.583100 ms MarkObjects: 17.925100 ms  DeleteObjects: 8.844300 ms)

Prepare: number of updated asset objects reloaded= 0
========================================================================
Received Prepare
Begin MonoManager ReloadAssembly
- Loaded All Assemblies, in  2.281 seconds
Refreshing native plugins compatible for Editor in 5.22 ms, found 4 plugins.
Native extension for WindowsStandalone target not found
Mono: successfully reloaded assembly
- Finished resetting the current domain, in  2.572 seconds
Domain Reload Profiling: 4840ms
	BeginReloadAssembly (599ms)
		ExecutionOrderSort (0ms)
		DisableScriptedObjects (81ms)
		BackupInstance (0ms)
		ReleaseScriptingObjects (0ms)
		CreateAndSetChildDomain (119ms)
	RebuildCommonClasses (123ms)
	RebuildNativeTypeToScriptingClass (43ms)
	initialDomainReloadingComplete (85ms)
	LoadAllAssembliesAndSetupDomain (1417ms)
		LoadAssemblies (1091ms)
		RebuildTransferFunctionScriptingTraits (0ms)
		AnalyzeDomain (613ms)
			TypeCache.Refresh (19ms)
				TypeCache.ScanAssembly (0ms)
			BuildScriptInfoCaches (549ms)
			ResolveRequiredComponents (36ms)
	FinalizeReload (2573ms)
		ReleaseScriptCaches (0ms)
		RebuildScriptCaches (0ms)
		SetupLoadedEditorAssemblies (1468ms)
			LogAssemblyErrors (0ms)
			InitializePlatformSupportModulesInManaged (5ms)
			SetLoadedEditorAssemblies (13ms)
			BeforeProcessingInitializeOnLoad (357ms)
			ProcessInitializeOnLoadAttributes (911ms)
			ProcessInitializeOnLoadMethodAttributes (157ms)
			AfterProcessingInitializeOnLoad (24ms)
			EditorAssembliesLoaded (1ms)
		ExecutionOrderSort2 (0ms)
		AwakeInstancesAfterBackupRestoration (71ms)
Refreshing native plugins compatible for Editor in 6.39 ms, found 4 plugins.
Preloading 0 native plugins for Editor in 0.00 ms.
Unloading 13 Unused Serialized files (Serialized files now loaded: 0)
Unloading 6617 unused Assets / (4.8 MB). Loaded Objects now: 7482.
Memory consumption went from 153.9 MB to 149.1 MB.
Total: 31.069400 ms (FindLiveObjects: 1.515000 ms CreateObjectMapping: 2.704000 ms MarkObjects: 17.119400 ms  DeleteObjects: 9.728500 ms)

Prepare: number of updated asset objects reloaded= 0
========================================================================
Received Prepare
Begin MonoManager ReloadAssembly
- Loaded All Assemblies, in  2.314 seconds
Refreshing native plugins compatible for Editor in 5.42 ms, found 4 plugins.
Native extension for WindowsStandalone target not found
Mono: successfully reloaded assembly
- Finished resetting the current domain, in  2.192 seconds
Domain Reload Profiling: 4493ms
	BeginReloadAssembly (581ms)
		ExecutionOrderSort (0ms)
		DisableScriptedObjects (77ms)
		BackupInstance (0ms)
		ReleaseScriptingObjects (0ms)
		CreateAndSetChildDomain (114ms)
	RebuildCommonClasses (116ms)
	RebuildNativeTypeToScriptingClass (40ms)
	initialDomainReloadingComplete (83ms)
	LoadAllAssembliesAndSetupDomain (1480ms)
		LoadAssemblies (1069ms)
		RebuildTransferFunctionScriptingTraits (0ms)
		AnalyzeDomain (688ms)
			TypeCache.Refresh (17ms)
				TypeCache.ScanAssembly (0ms)
			BuildScriptInfoCaches (626ms)
			ResolveRequiredComponents (34ms)
	FinalizeReload (2193ms)
		ReleaseScriptCaches (0ms)
		RebuildScriptCaches (0ms)
		SetupLoadedEditorAssemblies (1589ms)
			LogAssemblyErrors (0ms)
			InitializePlatformSupportModulesInManaged (5ms)
			SetLoadedEditorAssemblies (14ms)
			BeforeProcessingInitializeOnLoad (378ms)
			ProcessInitializeOnLoadAttributes (986ms)
			ProcessInitializeOnLoadMethodAttributes (184ms)
			AfterProcessingInitializeOnLoad (22ms)
			EditorAssembliesLoaded (1ms)
		ExecutionOrderSort2 (0ms)
		AwakeInstancesAfterBackupRestoration (61ms)
Refreshing native plugins compatible for Editor in 8.44 ms, found 4 plugins.
Preloading 0 native plugins for Editor in 0.00 ms.
Unloading 13 Unused Serialized files (Serialized files now loaded: 0)
Unloading 6617 unused Assets / (3.1 MB). Loaded Objects now: 7484.
Memory consumption went from 153.9 MB to 150.8 MB.
Total: 30.752600 ms (FindLiveObjects: 1.490600 ms CreateObjectMapping: 2.155200 ms MarkObjects: 20.668900 ms  DeleteObjects: 6.435500 ms)

Prepare: number of updated asset objects reloaded= 0
========================================================================
Received Prepare
Begin MonoManager ReloadAssembly
- Loaded All Assemblies, in  2.554 seconds
Refreshing native plugins compatible for Editor in 6.40 ms, found 4 plugins.
Native extension for WindowsStandalone target not found
Mono: successfully reloaded assembly
- Finished resetting the current domain, in  2.167 seconds
Domain Reload Profiling: 4702ms
	BeginReloadAssembly (694ms)
		ExecutionOrderSort (0ms)
		DisableScriptedObjects (96ms)
		BackupInstance (0ms)
		ReleaseScriptingObjects (1ms)
		CreateAndSetChildDomain (134ms)
	RebuildCommonClasses (132ms)
	RebuildNativeTypeToScriptingClass (49ms)
	initialDomainReloadingComplete (96ms)
	LoadAllAssembliesAndSetupDomain (1563ms)
		LoadAssemblies (1222ms)
		RebuildTransferFunctionScriptingTraits (0ms)
		AnalyzeDomain (685ms)
			TypeCache.Refresh (20ms)
				TypeCache.ScanAssembly (0ms)
			BuildScriptInfoCaches (617ms)
			ResolveRequiredComponents (40ms)
	FinalizeReload (2168ms)
		ReleaseScriptCaches (0ms)
		RebuildScriptCaches (0ms)
		SetupLoadedEditorAssemblies (1577ms)
			LogAssemblyErrors (0ms)
			InitializePlatformSupportModulesInManaged (6ms)
			SetLoadedEditorAssemblies (13ms)
			BeforeProcessingInitializeOnLoad (408ms)
			ProcessInitializeOnLoadAttributes (966ms)
			ProcessInitializeOnLoadMethodAttributes (165ms)
			AfterProcessingInitializeOnLoad (20ms)
			EditorAssembliesLoaded (1ms)
		ExecutionOrderSort2 (0ms)
		AwakeInstancesAfterBackupRestoration (76ms)
Refreshing native plugins compatible for Editor in 7.05 ms, found 4 plugins.
Preloading 0 native plugins for Editor in 0.00 ms.
Unloading 13 Unused Serialized files (Serialized files now loaded: 0)
Unloading 6617 unused Assets / (3.5 MB). Loaded Objects now: 7486.
Memory consumption went from 153.9 MB to 150.5 MB.
Total: 27.719600 ms (FindLiveObjects: 1.539100 ms CreateObjectMapping: 1.752000 ms MarkObjects: 16.108800 ms  DeleteObjects: 8.317100 ms)

Prepare: number of updated asset objects reloaded= 0
========================================================================
Received Prepare
Begin MonoManager ReloadAssembly
- Loaded All Assemblies, in  2.341 seconds
Refreshing native plugins compatible for Editor in 5.78 ms, found 4 plugins.
Native extension for WindowsStandalone target not found
Mono: successfully reloaded assembly
- Finished resetting the current domain, in  2.047 seconds
Domain Reload Profiling: 4372ms
	BeginReloadAssembly (583ms)
		ExecutionOrderSort (0ms)
		DisableScriptedObjects (77ms)
		BackupInstance (0ms)
		ReleaseScriptingObjects (0ms)
		CreateAndSetChildDomain (115ms)
	RebuildCommonClasses (134ms)
	RebuildNativeTypeToScriptingClass (49ms)
	initialDomainReloadingComplete (88ms)
	LoadAllAssembliesAndSetupDomain (1470ms)
		LoadAssemblies (1122ms)
		RebuildTransferFunctionScriptingTraits (0ms)
		AnalyzeDomain (626ms)
			TypeCache.Refresh (19ms)
				TypeCache.ScanAssembly (0ms)
			BuildScriptInfoCaches (564ms)
			ResolveRequiredComponents (34ms)
	FinalizeReload (2048ms)
		ReleaseScriptCaches (0ms)
		RebuildScriptCaches (0ms)
		SetupLoadedEditorAssemblies (1451ms)
			LogAssemblyErrors (0ms)
			InitializePlatformSupportModulesInManaged (4ms)
			SetLoadedEditorAssemblies (13ms)
			BeforeProcessingInitializeOnLoad (349ms)
			ProcessInitializeOnLoadAttributes (899ms)
			ProcessInitializeOnLoadMethodAttributes (161ms)
			AfterProcessingInitializeOnLoad (24ms)
			EditorAssembliesLoaded (1ms)
		ExecutionOrderSort2 (0ms)
		AwakeInstancesAfterBackupRestoration (67ms)
Refreshing native plugins compatible for Editor in 7.00 ms, found 4 plugins.
Preloading 0 native plugins for Editor in 0.00 ms.
Unloading 13 Unused Serialized files (Serialized files now loaded: 0)
Unloading 6617 unused Assets / (3.9 MB). Loaded Objects now: 7488.
Memory consumption went from 153.9 MB to 150.0 MB.
Total: 25.002300 ms (FindLiveObjects: 1.592800 ms CreateObjectMapping: 2.127200 ms MarkObjects: 14.374300 ms  DeleteObjects: 6.905400 ms)

Prepare: number of updated asset objects reloaded= 0
========================================================================
Received Prepare
Begin MonoManager ReloadAssembly
- Loaded All Assemblies, in  2.386 seconds
Refreshing native plugins compatible for Editor in 5.02 ms, found 4 plugins.
Native extension for WindowsStandalone target not found
Mono: successfully reloaded assembly
- Finished resetting the current domain, in  2.438 seconds
Domain Reload Profiling: 4811ms
	BeginReloadAssembly (602ms)
		ExecutionOrderSort (0ms)
		DisableScriptedObjects (80ms)
		BackupInstance (0ms)
		ReleaseScriptingObjects (0ms)
		CreateAndSetChildDomain (114ms)
	RebuildCommonClasses (123ms)
	RebuildNativeTypeToScriptingClass (45ms)
	initialDomainReloadingComplete (97ms)
	LoadAllAssembliesAndSetupDomain (1504ms)
		LoadAssemblies (1164ms)
		RebuildTransferFunctionScriptingTraits (0ms)
		AnalyzeDomain (634ms)
			TypeCache.Refresh (21ms)
				TypeCache.ScanAssembly (0ms)
			BuildScriptInfoCaches (572ms)
			ResolveRequiredComponents (33ms)
	FinalizeReload (2439ms)
		ReleaseScriptCaches (0ms)
		RebuildScriptCaches (0ms)
		SetupLoadedEditorAssemblies (1813ms)
			LogAssemblyErrors (0ms)
			InitializePlatformSupportModulesInManaged (5ms)
			SetLoadedEditorAssemblies (11ms)
			BeforeProcessingInitializeOnLoad (384ms)
			ProcessInitializeOnLoadAttributes (1105ms)
			ProcessInitializeOnLoadMethodAttributes (277ms)
			AfterProcessingInitializeOnLoad (29ms)
			EditorAssembliesLoaded (1ms)
		ExecutionOrderSort2 (0ms)
		AwakeInstancesAfterBackupRestoration (79ms)
Refreshing native plugins compatible for Editor in 6.86 ms, found 4 plugins.
Preloading 0 native plugins for Editor in 0.00 ms.
Unloading 13 Unused Serialized files (Serialized files now loaded: 0)
Unloading 6617 unused Assets / (4.5 MB). Loaded Objects now: 7490.
Memory consumption went from 153.9 MB to 149.4 MB.
Total: 23.465800 ms (FindLiveObjects: 1.350000 ms CreateObjectMapping: 1.435200 ms MarkObjects: 13.108800 ms  DeleteObjects: 7.569700 ms)

Prepare: number of updated asset objects reloaded= 0
========================================================================
Received Prepare
Begin MonoManager ReloadAssembly
- Loaded All Assemblies, in  2.363 seconds
Refreshing native plugins compatible for Editor in 6.15 ms, found 4 plugins.
Native extension for WindowsStandalone target not found
Mono: successfully reloaded assembly
- Finished resetting the current domain, in  2.490 seconds
Domain Reload Profiling: 4842ms
	BeginReloadAssembly (584ms)
		ExecutionOrderSort (0ms)
		DisableScriptedObjects (82ms)
		BackupInstance (0ms)
		ReleaseScriptingObjects (0ms)
		CreateAndSetChildDomain (111ms)
	RebuildCommonClasses (120ms)
	RebuildNativeTypeToScriptingClass (44ms)
	initialDomainReloadingComplete (88ms)
	LoadAllAssembliesAndSetupDomain (1511ms)
		LoadAssemblies (1166ms)
		RebuildTransferFunctionScriptingTraits (0ms)
		AnalyzeDomain (622ms)
			TypeCache.Refresh (17ms)
				TypeCache.ScanAssembly (0ms)
			BuildScriptInfoCaches (563ms)
			ResolveRequiredComponents (35ms)
	FinalizeReload (2494ms)
		ReleaseScriptCaches (0ms)
		RebuildScriptCaches (0ms)
		SetupLoadedEditorAssemblies (1821ms)
			LogAssemblyErrors (0ms)
			InitializePlatformSupportModulesInManaged (7ms)
			SetLoadedEditorAssemblies (21ms)
			BeforeProcessingInitializeOnLoad (389ms)
			ProcessInitializeOnLoadAttributes (1065ms)
			ProcessInitializeOnLoadMethodAttributes (308ms)
			AfterProcessingInitializeOnLoad (29ms)
			EditorAssembliesLoaded (1ms)
		ExecutionOrderSort2 (0ms)
		AwakeInstancesAfterBackupRestoration (87ms)
Refreshing native plugins compatible for Editor in 6.22 ms, found 4 plugins.
Preloading 0 native plugins for Editor in 0.00 ms.
Unloading 13 Unused Serialized files (Serialized files now loaded: 0)
Unloading 6617 unused Assets / (4.4 MB). Loaded Objects now: 7492.
Memory consumption went from 153.9 MB to 149.5 MB.
Total: 26.908000 ms (FindLiveObjects: 1.316500 ms CreateObjectMapping: 1.261100 ms MarkObjects: 12.896700 ms  DeleteObjects: 11.431400 ms)

Prepare: number of updated asset objects reloaded= 0
========================================================================
Received Import Request.
  Time since last request: 1215.720906 seconds.
  path: Assets/Scenes/Game.unity
  artifactKey: Guid(e93bd566e05e1014e85e614f8536cfad) Importer(815301076,1909f56bfc062723c751e8b465ee728b)
Start importing Assets/Scenes/Game.unity using Guid(e93bd566e05e1014e85e614f8536cfad) Importer(815301076,1909f56bfc062723c751e8b465ee728b) (PreviewImporter) -> (artifact id: '7639df4fac7c79d840219139772bcda9') in 0.1473309 seconds
Number of updated asset objects reloaded before import = 0Number of asset objects unloaded after import = 0

========================================================================
Received Import Request.
  Time since last request: 4.356536 seconds.
  path: Assets/Scenes/Game.unity
  artifactKey: Guid(e93bd566e05e1014e85e614f8536cfad) Importer(815301076,1909f56bfc062723c751e8b465ee728b)
Start importing Assets/Scenes/Game.unity using Guid(e93bd566e05e1014e85e614f8536cfad) Importer(815301076,1909f56bfc062723c751e8b465ee728b) (PreviewImporter) -> (artifact id: '2198c042b7c348f5d4f81c1712c0751e') in 0.0087652 seconds
Number of updated asset objects reloaded before import = 0Number of asset objects unloaded after import = 0

========================================================================
Received Import Request.
  Time since last request: 17.875568 seconds.
  path: Assets/Sprites/CepakaiSkraido.anim
  artifactKey: Guid(c40eb9ccb7d14494e921376e6c939e1a) Importer(815301076,1909f56bfc062723c751e8b465ee728b)
Start importing Assets/Sprites/CepakaiSkraido.anim using Guid(c40eb9ccb7d14494e921376e6c939e1a) Importer(815301076,1909f56bfc062723c751e8b465ee728b) (PreviewImporter) -> (artifact id: 'ec5e9acd16fd31f81a6e724b5501e4a3') in 0.0513554 seconds
Number of updated asset objects reloaded before import = 0Number of asset objects unloaded after import = 1

========================================================================
Received Prepare
Begin MonoManager ReloadAssembly
- Loaded All Assemblies, in  2.348 seconds
Refreshing native plugins compatible for Editor in 4.82 ms, found 4 plugins.
Native extension for WindowsStandalone target not found
Mono: successfully reloaded assembly
- Finished resetting the current domain, in  2.099 seconds
Domain Reload Profiling: 4431ms
	BeginReloadAssembly (634ms)
		ExecutionOrderSort (0ms)
		DisableScriptedObjects (75ms)
		BackupInstance (0ms)
		ReleaseScriptingObjects (0ms)
		CreateAndSetChildDomain (136ms)
	RebuildCommonClasses (116ms)
	RebuildNativeTypeToScriptingClass (40ms)
	initialDomainReloadingComplete (103ms)
	LoadAllAssembliesAndSetupDomain (1438ms)
		LoadAssemblies (1117ms)
		RebuildTransferFunctionScriptingTraits (0ms)
		AnalyzeDomain (625ms)
			TypeCache.Refresh (17ms)
				TypeCache.ScanAssembly (0ms)
			BuildScriptInfoCaches (567ms)
			ResolveRequiredComponents (33ms)
	FinalizeReload (2100ms)
		ReleaseScriptCaches (0ms)
		RebuildScriptCaches (0ms)
		SetupLoadedEditorAssemblies (1503ms)
			LogAssemblyErrors (0ms)
			InitializePlatformSupportModulesInManaged (5ms)
			SetLoadedEditorAssemblies (11ms)
			BeforeProcessingInitializeOnLoad (381ms)
			ProcessInitializeOnLoadAttributes (910ms)
			ProcessInitializeOnLoadMethodAttributes (174ms)
			AfterProcessingInitializeOnLoad (21ms)
			EditorAssembliesLoaded (1ms)
		ExecutionOrderSort2 (0ms)
		AwakeInstancesAfterBackupRestoration (58ms)
Refreshing native plugins compatible for Editor in 6.47 ms, found 4 plugins.
Preloading 0 native plugins for Editor in 0.00 ms.
Unloading 13 Unused Serialized files (Serialized files now loaded: 0)
Unloading 6617 unused Assets / (4.3 MB). Loaded Objects now: 7494.
Memory consumption went from 153.9 MB to 149.6 MB.
Total: 24.674300 ms (FindLiveObjects: 1.778100 ms CreateObjectMapping: 1.920200 ms MarkObjects: 13.318200 ms  DeleteObjects: 7.655700 ms)

Prepare: number of updated asset objects reloaded= 0
========================================================================
Received Import Request.
  Time since last request: 110.958930 seconds.
  path: Assets/Sprites/GediminoPilis.controller
  artifactKey: Guid(d36b0d81f0cc02e47bc4811853983118) Importer(815301076,1909f56bfc062723c751e8b465ee728b)
Start importing Assets/Sprites/GediminoPilis.controller using Guid(d36b0d81f0cc02e47bc4811853983118) Importer(815301076,1909f56bfc062723c751e8b465ee728b) (PreviewImporter) -> (artifact id: '32f2f8bf47f23b2451d40d9ffc717f13') in 0.0646457 seconds
Number of updated asset objects reloaded before import = 0Number of asset objects unloaded after import = 4

========================================================================
Received Prepare
Begin MonoManager ReloadAssembly
- Loaded All Assemblies, in  2.316 seconds
Refreshing native plugins compatible for Editor in 9.01 ms, found 4 plugins.
Native extension for WindowsStandalone target not found
Mono: successfully reloaded assembly
- Finished resetting the current domain, in  2.674 seconds
Domain Reload Profiling: 4979ms
	BeginReloadAssembly (600ms)
		ExecutionOrderSort (0ms)
		DisableScriptedObjects (79ms)
		BackupInstance (0ms)
		ReleaseScriptingObjects (0ms)
		CreateAndSetChildDomain (126ms)
	RebuildCommonClasses (121ms)
	RebuildNativeTypeToScriptingClass (42ms)
	initialDomainReloadingComplete (88ms)
	LoadAllAssembliesAndSetupDomain (1452ms)
		LoadAssemblies (1096ms)
		RebuildTransferFunctionScriptingTraits (0ms)
		AnalyzeDomain (636ms)
			TypeCache.Refresh (17ms)
				TypeCache.ScanAssembly (0ms)
			BuildScriptInfoCaches (578ms)
			ResolveRequiredComponents (34ms)
	FinalizeReload (2677ms)
		ReleaseScriptCaches (0ms)
		RebuildScriptCaches (0ms)
		SetupLoadedEditorAssemblies (1995ms)
			LogAssemblyErrors (0ms)
			InitializePlatformSupportModulesInManaged (5ms)
			SetLoadedEditorAssemblies (13ms)
			BeforeProcessingInitializeOnLoad (497ms)
			ProcessInitializeOnLoadAttributes (1136ms)
			ProcessInitializeOnLoadMethodAttributes (310ms)
			AfterProcessingInitializeOnLoad (34ms)
			EditorAssembliesLoaded (1ms)
		ExecutionOrderSort2 (0ms)
		AwakeInstancesAfterBackupRestoration (91ms)
Refreshing native plugins compatible for Editor in 6.54 ms, found 4 plugins.
Preloading 0 native plugins for Editor in 0.00 ms.
Unloading 13 Unused Serialized files (Serialized files now loaded: 0)
Unloading 6617 unused Assets / (4.0 MB). Loaded Objects now: 7496.
Memory consumption went from 154.0 MB to 150.0 MB.
Total: 25.856000 ms (FindLiveObjects: 1.355400 ms CreateObjectMapping: 1.558800 ms MarkObjects: 13.456100 ms  DeleteObjects: 9.483800 ms)

Prepare: number of updated asset objects reloaded= 0
========================================================================
Received Prepare
Begin MonoManager ReloadAssembly
- Loaded All Assemblies, in  2.283 seconds
Refreshing native plugins compatible for Editor in 5.80 ms, found 4 plugins.
Native extension for WindowsStandalone target not found
Mono: successfully reloaded assembly
- Finished resetting the current domain, in  2.447 seconds
Domain Reload Profiling: 4717ms
	BeginReloadAssembly (605ms)
		ExecutionOrderSort (0ms)
		DisableScriptedObjects (76ms)
		BackupInstance (0ms)
		ReleaseScriptingObjects (0ms)
		CreateAndSetChildDomain (129ms)
	RebuildCommonClasses (120ms)
	RebuildNativeTypeToScriptingClass (40ms)
	initialDomainReloadingComplete (84ms)
	LoadAllAssembliesAndSetupDomain (1420ms)
		LoadAssemblies (1088ms)
		RebuildTransferFunctionScriptingTraits (0ms)
		AnalyzeDomain (618ms)
			TypeCache.Refresh (17ms)
				TypeCache.ScanAssembly (0ms)
			BuildScriptInfoCaches (559ms)
			ResolveRequiredComponents (35ms)
	FinalizeReload (2448ms)
		ReleaseScriptCaches (0ms)
		RebuildScriptCaches (0ms)
		SetupLoadedEditorAssemblies (1803ms)
			LogAssemblyErrors (0ms)
			InitializePlatformSupportModulesInManaged (5ms)
			SetLoadedEditorAssemblies (13ms)
			BeforeProcessingInitializeOnLoad (369ms)
			ProcessInitializeOnLoadAttributes (1127ms)
			ProcessInitializeOnLoadMethodAttributes (254ms)
			AfterProcessingInitializeOnLoad (34ms)
			EditorAssembliesLoaded (1ms)
		ExecutionOrderSort2 (0ms)
		AwakeInstancesAfterBackupRestoration (94ms)
Refreshing native plugins compatible for Editor in 6.35 ms, found 4 plugins.
Preloading 0 native plugins for Editor in 0.00 ms.
Unloading 13 Unused Serialized files (Serialized files now loaded: 0)
Unloading 6617 unused Assets / (4.5 MB). Loaded Objects now: 7498.
Memory consumption went from 154.0 MB to 149.5 MB.
Total: 24.449600 ms (FindLiveObjects: 1.556700 ms CreateObjectMapping: 2.142000 ms MarkObjects: 14.273600 ms  DeleteObjects: 6.474800 ms)

Prepare: number of updated asset objects reloaded= 0
========================================================================
Received Prepare
Begin MonoManager ReloadAssembly
- Loaded All Assemblies, in  2.382 seconds
Refreshing native plugins compatible for Editor in 5.41 ms, found 4 plugins.
Native extension for WindowsStandalone target not found
Mono: successfully reloaded assembly
- Finished resetting the current domain, in  2.632 seconds
Domain Reload Profiling: 5001ms
	BeginReloadAssembly (623ms)
		ExecutionOrderSort (0ms)
		DisableScriptedObjects (77ms)
		BackupInstance (0ms)
		ReleaseScriptingObjects (0ms)
		CreateAndSetChildDomain (110ms)
	RebuildCommonClasses (121ms)
	RebuildNativeTypeToScriptingClass (41ms)
	initialDomainReloadingComplete (89ms)
	LoadAllAssembliesAndSetupDomain (1493ms)
		LoadAssemblies (1168ms)
		RebuildTransferFunctionScriptingTraits (0ms)
		AnalyzeDomain (652ms)
			TypeCache.Refresh (18ms)
				TypeCache.ScanAssembly (0ms)
			BuildScriptInfoCaches (587ms)
			ResolveRequiredComponents (40ms)
	FinalizeReload (2633ms)
		ReleaseScriptCaches (0ms)
		RebuildScriptCaches (0ms)
		SetupLoadedEditorAssemblies (1906ms)
			LogAssemblyErrors (0ms)
			InitializePlatformSupportModulesInManaged (5ms)
			SetLoadedEditorAssemblies (13ms)
			BeforeProcessingInitializeOnLoad (507ms)
			ProcessInitializeOnLoadAttributes (1076ms)
			ProcessInitializeOnLoadMethodAttributes (273ms)
			AfterProcessingInitializeOnLoad (31ms)
			EditorAssembliesLoaded (1ms)
		ExecutionOrderSort2 (0ms)
		AwakeInstancesAfterBackupRestoration (89ms)
Refreshing native plugins compatible for Editor in 6.52 ms, found 4 plugins.
Preloading 0 native plugins for Editor in 0.00 ms.
Unloading 13 Unused Serialized files (Serialized files now loaded: 0)
Unloading 6617 unused Assets / (4.0 MB). Loaded Objects now: 7500.
Memory consumption went from 154.0 MB to 150.0 MB.
Total: 27.600800 ms (FindLiveObjects: 2.132400 ms CreateObjectMapping: 2.116400 ms MarkObjects: 16.472000 ms  DeleteObjects: 6.877600 ms)

Prepare: number of updated asset objects reloaded= 0
========================================================================
Received Prepare
Begin MonoManager ReloadAssembly
- Loaded All Assemblies, in  2.298 seconds
Refreshing native plugins compatible for Editor in 7.45 ms, found 4 plugins.
Native extension for WindowsStandalone target not found
Mono: successfully reloaded assembly
- Finished resetting the current domain, in  2.116 seconds
Domain Reload Profiling: 4399ms
	BeginReloadAssembly (594ms)
		ExecutionOrderSort (0ms)
		DisableScriptedObjects (75ms)
		BackupInstance (0ms)
		ReleaseScriptingObjects (0ms)
		CreateAndSetChildDomain (123ms)
	RebuildCommonClasses (120ms)
	RebuildNativeTypeToScriptingClass (44ms)
	initialDomainReloadingComplete (91ms)
	LoadAllAssembliesAndSetupDomain (1433ms)
		LoadAssemblies (1093ms)
		RebuildTransferFunctionScriptingTraits (0ms)
		AnalyzeDomain (623ms)
			TypeCache.Refresh (17ms)
				TypeCache.ScanAssembly (0ms)
			BuildScriptInfoCaches (560ms)
			ResolveRequiredComponents (39ms)
	FinalizeReload (2117ms)
		ReleaseScriptCaches (0ms)
		RebuildScriptCaches (0ms)
		SetupLoadedEditorAssemblies (1479ms)
			LogAssemblyErrors (0ms)
			InitializePlatformSupportModulesInManaged (5ms)
			SetLoadedEditorAssemblies (14ms)
			BeforeProcessingInitializeOnLoad (361ms)
			ProcessInitializeOnLoadAttributes (914ms)
			ProcessInitializeOnLoadMethodAttributes (163ms)
			AfterProcessingInitializeOnLoad (22ms)
			EditorAssembliesLoaded (1ms)
		ExecutionOrderSort2 (0ms)
		AwakeInstancesAfterBackupRestoration (68ms)
Refreshing native plugins compatible for Editor in 9.67 ms, found 4 plugins.
Preloading 0 native plugins for Editor in 0.00 ms.
Unloading 13 Unused Serialized files (Serialized files now loaded: 0)
Unloading 6617 unused Assets / (3.3 MB). Loaded Objects now: 7502.
Memory consumption went from 154.0 MB to 150.6 MB.
Total: 30.936900 ms (FindLiveObjects: 1.798600 ms CreateObjectMapping: 1.806400 ms MarkObjects: 17.535500 ms  DeleteObjects: 9.793700 ms)

Prepare: number of updated asset objects reloaded= 0
========================================================================
Received Import Request.
  Time since last request: 256.239619 seconds.
  path: Assets/Sprites/Met.anim
  artifactKey: Guid(c862c3bba7a63ba4a910d901ee2e9d16) Importer(815301076,1909f56bfc062723c751e8b465ee728b)
Start importing Assets/Sprites/Met.anim using Guid(c862c3bba7a63ba4a910d901ee2e9d16) Importer(815301076,1909f56bfc062723c751e8b465ee728b) (PreviewImporter) -> (artifact id: '52b3d33ac93e732bd190022b29635c2b') in 0.0848734 seconds
Number of updated asset objects reloaded before import = 0Number of asset objects unloaded after import = 1

========================================================================
Received Prepare
Begin MonoManager ReloadAssembly
- Loaded All Assemblies, in  2.300 seconds
Refreshing native plugins compatible for Editor in 7.08 ms, found 4 plugins.
Native extension for WindowsStandalone target not found
Mono: successfully reloaded assembly
- Finished resetting the current domain, in  2.077 seconds
Domain Reload Profiling: 4362ms
	BeginReloadAssembly (610ms)
		ExecutionOrderSort (0ms)
		DisableScriptedObjects (74ms)
		BackupInstance (0ms)
		ReleaseScriptingObjects (0ms)
		CreateAndSetChildDomain (130ms)
	RebuildCommonClasses (114ms)
	RebuildNativeTypeToScriptingClass (42ms)
	initialDomainReloadingComplete (86ms)
	LoadAllAssembliesAndSetupDomain (1433ms)
		LoadAssemblies (1097ms)
		RebuildTransferFunctionScriptingTraits (0ms)
		AnalyzeDomain (625ms)
			TypeCache.Refresh (19ms)
				TypeCache.ScanAssembly (0ms)
			BuildScriptInfoCaches (562ms)
			ResolveRequiredComponents (36ms)
	FinalizeReload (2078ms)
		ReleaseScriptCaches (0ms)
		RebuildScriptCaches (0ms)
		SetupLoadedEditorAssemblies (1449ms)
			LogAssemblyErrors (0ms)
			InitializePlatformSupportModulesInManaged (6ms)
			SetLoadedEditorAssemblies (17ms)
			BeforeProcessingInitializeOnLoad (378ms)
			ProcessInitializeOnLoadAttributes (858ms)
			ProcessInitializeOnLoadMethodAttributes (169ms)
			AfterProcessingInitializeOnLoad (21ms)
			EditorAssembliesLoaded (1ms)
		ExecutionOrderSort2 (0ms)
		AwakeInstancesAfterBackupRestoration (73ms)
Refreshing native plugins compatible for Editor in 4.44 ms, found 4 plugins.
Preloading 0 native plugins for Editor in 0.00 ms.
Unloading 13 Unused Serialized files (Serialized files now loaded: 0)
Unloading 6617 unused Assets / (4.8 MB). Loaded Objects now: 7504.
Memory consumption went from 154.0 MB to 149.1 MB.
Total: 20.269700 ms (FindLiveObjects: 1.370100 ms CreateObjectMapping: 1.158800 ms MarkObjects: 10.234900 ms  DeleteObjects: 7.503900 ms)

Prepare: number of updated asset objects reloaded= 0
========================================================================
Received Prepare
Begin MonoManager ReloadAssembly
- Loaded All Assemblies, in  2.371 seconds
Refreshing native plugins compatible for Editor in 6.56 ms, found 4 plugins.
Native extension for WindowsStandalone target not found
Mono: successfully reloaded assembly
- Finished resetting the current domain, in  2.209 seconds
Domain Reload Profiling: 4564ms
	BeginReloadAssembly (574ms)
		ExecutionOrderSort (0ms)
		DisableScriptedObjects (72ms)
		BackupInstance (0ms)
		ReleaseScriptingObjects (0ms)
		CreateAndSetChildDomain (110ms)
	RebuildCommonClasses (118ms)
	RebuildNativeTypeToScriptingClass (47ms)
	initialDomainReloadingComplete (98ms)
	LoadAllAssembliesAndSetupDomain (1517ms)
		LoadAssemblies (1136ms)
		RebuildTransferFunctionScriptingTraits (0ms)
		AnalyzeDomain (668ms)
			TypeCache.Refresh (18ms)
				TypeCache.ScanAssembly (0ms)
			BuildScriptInfoCaches (600ms)
			ResolveRequiredComponents (40ms)
	FinalizeReload (2210ms)
		ReleaseScriptCaches (0ms)
		RebuildScriptCaches (0ms)
		SetupLoadedEditorAssemblies (1574ms)
			LogAssemblyErrors (0ms)
			InitializePlatformSupportModulesInManaged (8ms)
			SetLoadedEditorAssemblies (13ms)
			BeforeProcessingInitializeOnLoad (363ms)
			ProcessInitializeOnLoadAttributes (967ms)
			ProcessInitializeOnLoadMethodAttributes (193ms)
			AfterProcessingInitializeOnLoad (29ms)
			EditorAssembliesLoaded (1ms)
		ExecutionOrderSort2 (0ms)
		AwakeInstancesAfterBackupRestoration (84ms)
Refreshing native plugins compatible for Editor in 5.09 ms, found 4 plugins.
Preloading 0 native plugins for Editor in 0.00 ms.
Unloading 13 Unused Serialized files (Serialized files now loaded: 0)
Unloading 6617 unused Assets / (4.5 MB). Loaded Objects now: 7506.
Memory consumption went from 154.0 MB to 149.5 MB.
Total: 22.517300 ms (FindLiveObjects: 1.597500 ms CreateObjectMapping: 1.164100 ms MarkObjects: 10.764000 ms  DeleteObjects: 8.989700 ms)

Prepare: number of updated asset objects reloaded= 0
========================================================================
Received Import Request.
  Time since last request: 99.231916 seconds.
  path: Assets/Scenes/Game.unity
  artifactKey: Guid(e93bd566e05e1014e85e614f8536cfad) Importer(815301076,1909f56bfc062723c751e8b465ee728b)
Start importing Assets/Scenes/Game.unity using Guid(e93bd566e05e1014e85e614f8536cfad) Importer(815301076,1909f56bfc062723c751e8b465ee728b) (PreviewImporter) -> (artifact id: '2a1f33c05e2534e0e6812cb9e8c37a96') in 0.0179108 seconds
Number of updated asset objects reloaded before import = 0Number of asset objects unloaded after import = 0

========================================================================
Received Prepare
Begin MonoManager ReloadAssembly
- Loaded All Assemblies, in  2.337 seconds
Refreshing native plugins compatible for Editor in 6.46 ms, found 4 plugins.
Native extension for WindowsStandalone target not found
Mono: successfully reloaded assembly
- Finished resetting the current domain, in  2.151 seconds
Domain Reload Profiling: 4475ms
	BeginReloadAssembly (607ms)
		ExecutionOrderSort (0ms)
		DisableScriptedObjects (81ms)
		BackupInstance (0ms)
		ReleaseScriptingObjects (0ms)
		CreateAndSetChildDomain (125ms)
	RebuildCommonClasses (123ms)
	RebuildNativeTypeToScriptingClass (42ms)
	initialDomainReloadingComplete (86ms)
	LoadAllAssembliesAndSetupDomain (1465ms)
		LoadAssemblies (1131ms)
		RebuildTransferFunctionScriptingTraits (0ms)
		AnalyzeDomain (627ms)
			TypeCache.Refresh (18ms)
				TypeCache.ScanAssembly (0ms)
			BuildScriptInfoCaches (568ms)
			ResolveRequiredComponents (33ms)
	FinalizeReload (2152ms)
		ReleaseScriptCaches (0ms)
		RebuildScriptCaches (0ms)
		SetupLoadedEditorAssemblies (1520ms)
			LogAssemblyErrors (0ms)
			InitializePlatformSupportModulesInManaged (6ms)
			SetLoadedEditorAssemblies (13ms)
			BeforeProcessingInitializeOnLoad (370ms)
			ProcessInitializeOnLoadAttributes (919ms)
			ProcessInitializeOnLoadMethodAttributes (185ms)
			AfterProcessingInitializeOnLoad (25ms)
			EditorAssembliesLoaded (1ms)
		ExecutionOrderSort2 (0ms)
		AwakeInstancesAfterBackupRestoration (71ms)
Refreshing native plugins compatible for Editor in 7.15 ms, found 4 plugins.
Preloading 0 native plugins for Editor in 0.00 ms.
Unloading 13 Unused Serialized files (Serialized files now loaded: 0)
Unloading 6617 unused Assets / (4.3 MB). Loaded Objects now: 7508.
Memory consumption went from 154.0 MB to 149.7 MB.
Total: 27.305500 ms (FindLiveObjects: 3.004000 ms CreateObjectMapping: 2.248400 ms MarkObjects: 13.918100 ms  DeleteObjects: 8.133100 ms)

Prepare: number of updated asset objects reloaded= 0
========================================================================
Received Import Request.
  Time since last request: 208.410466 seconds.
  path: Assets/Sprites/Platformos.controller
  artifactKey: Guid(d1cdbf8cfd5f432488e64727302fc33d) Importer(815301076,1909f56bfc062723c751e8b465ee728b)
Start importing Assets/Sprites/Platformos.controller using Guid(d1cdbf8cfd5f432488e64727302fc33d) Importer(815301076,1909f56bfc062723c751e8b465ee728b) (PreviewImporter) -> (artifact id: 'f23429789b289fe3317090ed222533c0') in 0.0647177 seconds
Number of updated asset objects reloaded before import = 0Number of asset objects unloaded after import = 4

========================================================================
Received Prepare
Begin MonoManager ReloadAssembly
- Loaded All Assemblies, in  2.336 seconds
Refreshing native plugins compatible for Editor in 5.53 ms, found 4 plugins.
Native extension for WindowsStandalone target not found
Mono: successfully reloaded assembly
- Finished resetting the current domain, in  2.312 seconds
Domain Reload Profiling: 4639ms
	BeginReloadAssembly (630ms)
		ExecutionOrderSort (0ms)
		DisableScriptedObjects (74ms)
		BackupInstance (0ms)
		ReleaseScriptingObjects (0ms)
		CreateAndSetChildDomain (123ms)
	RebuildCommonClasses (115ms)
	RebuildNativeTypeToScriptingClass (40ms)
	initialDomainReloadingComplete (90ms)
	LoadAllAssembliesAndSetupDomain (1449ms)
		LoadAssemblies (1148ms)
		RebuildTransferFunctionScriptingTraits (0ms)
		AnalyzeDomain (617ms)
			TypeCache.Refresh (18ms)
				TypeCache.ScanAssembly (0ms)
			BuildScriptInfoCaches (558ms)
			ResolveRequiredComponents (33ms)
	FinalizeReload (2314ms)
		ReleaseScriptCaches (0ms)
		RebuildScriptCaches (0ms)
		SetupLoadedEditorAssemblies (1543ms)
			LogAssemblyErrors (0ms)
			InitializePlatformSupportModulesInManaged (6ms)
			SetLoadedEditorAssemblies (16ms)
			BeforeProcessingInitializeOnLoad (415ms)
			ProcessInitializeOnLoadAttributes (925ms)
			ProcessInitializeOnLoadMethodAttributes (158ms)
			AfterProcessingInitializeOnLoad (22ms)
			EditorAssembliesLoaded (1ms)
		ExecutionOrderSort2 (0ms)
		AwakeInstancesAfterBackupRestoration (60ms)
Refreshing native plugins compatible for Editor in 8.37 ms, found 4 plugins.
Preloading 0 native plugins for Editor in 0.00 ms.
Unloading 13 Unused Serialized files (Serialized files now loaded: 0)
Unloading 6617 unused Assets / (4.6 MB). Loaded Objects now: 7510.
Memory consumption went from 154.0 MB to 149.4 MB.
Total: 25.822600 ms (FindLiveObjects: 1.324900 ms CreateObjectMapping: 1.462600 ms MarkObjects: 15.823800 ms  DeleteObjects: 7.209000 ms)

Prepare: number of updated asset objects reloaded= 0
========================================================================
Received Prepare
Begin MonoManager ReloadAssembly
- Loaded All Assemblies, in  2.314 seconds
Refreshing native plugins compatible for Editor in 4.40 ms, found 4 plugins.
Native extension for WindowsStandalone target not found
Mono: successfully reloaded assembly
- Finished resetting the current domain, in  2.277 seconds
Domain Reload Profiling: 4575ms
	BeginReloadAssembly (576ms)
		ExecutionOrderSort (0ms)
		DisableScriptedObjects (73ms)
		BackupInstance (0ms)
		ReleaseScriptingObjects (0ms)
		CreateAndSetChildDomain (111ms)
	RebuildCommonClasses (113ms)
	RebuildNativeTypeToScriptingClass (42ms)
	initialDomainReloadingComplete (88ms)
	LoadAllAssembliesAndSetupDomain (1479ms)
		LoadAssemblies (1084ms)
		RebuildTransferFunctionScriptingTraits (0ms)
		AnalyzeDomain (680ms)
			TypeCache.Refresh (20ms)
				TypeCache.ScanAssembly (0ms)
			BuildScriptInfoCaches (618ms)
			ResolveRequiredComponents (34ms)
	FinalizeReload (2278ms)
		ReleaseScriptCaches (0ms)
		RebuildScriptCaches (0ms)
		SetupLoadedEditorAssemblies (1534ms)
			LogAssemblyErrors (0ms)
			InitializePlatformSupportModulesInManaged (6ms)
			SetLoadedEditorAssemblies (13ms)
			BeforeProcessingInitializeOnLoad (375ms)
			ProcessInitializeOnLoadAttributes (910ms)
			ProcessInitializeOnLoadMethodAttributes (202ms)
			AfterProcessingInitializeOnLoad (28ms)
			EditorAssembliesLoaded (1ms)
		ExecutionOrderSort2 (0ms)
		AwakeInstancesAfterBackupRestoration (77ms)
Refreshing native plugins compatible for Editor in 4.93 ms, found 4 plugins.
Preloading 0 native plugins for Editor in 0.00 ms.
Unloading 13 Unused Serialized files (Serialized files now loaded: 0)
Unloading 6617 unused Assets / (4.0 MB). Loaded Objects now: 7512.
Memory consumption went from 154.0 MB to 150.0 MB.
Total: 21.671300 ms (FindLiveObjects: 1.384500 ms CreateObjectMapping: 1.450700 ms MarkObjects: 11.818600 ms  DeleteObjects: 7.015500 ms)

Prepare: number of updated asset objects reloaded= 0
========================================================================
Received Import Request.
  Time since last request: 258.687288 seconds.
  path: Assets/Scenes/Game.unity
  artifactKey: Guid(e93bd566e05e1014e85e614f8536cfad) Importer(815301076,1909f56bfc062723c751e8b465ee728b)
Start importing Assets/Scenes/Game.unity using Guid(e93bd566e05e1014e85e614f8536cfad) Importer(815301076,1909f56bfc062723c751e8b465ee728b) (PreviewImporter) -> (artifact id: '395d92fa807afc1e3a1940c04836b489') in 0.0245167 seconds
Number of updated asset objects reloaded before import = 0Number of asset objects unloaded after import = 0

========================================================================
Received Import Request.
  Time since last request: 118.457452 seconds.
  path: Assets/Sprites/Jumpsheet.png
  artifactKey: Guid(dcfc9189f6b174c4ea1a8321686574aa) Importer(815301076,1909f56bfc062723c751e8b465ee728b)
Start importing Assets/Sprites/Jumpsheet.png using Guid(dcfc9189f6b174c4ea1a8321686574aa) Importer(815301076,1909f56bfc062723c751e8b465ee728b) (PreviewImporter) -> (artifact id: '1f35b82ef10a61ffcdcb68528800aadf') in 0.2489264 seconds
Number of updated asset objects reloaded before import = 0Number of asset objects unloaded after import = 7

========================================================================
Received Import Request.
  Time since last request: 286.515772 seconds.
  path: Assets/Sprites/Player1.controller
  artifactKey: Guid(d37ec90cb6c79e5449bba659fda76ac0) Importer(815301076,1909f56bfc062723c751e8b465ee728b)
Start importing Assets/Sprites/Player1.controller using Guid(d37ec90cb6c79e5449bba659fda76ac0) Importer(815301076,1909f56bfc062723c751e8b465ee728b) (PreviewImporter) -> (artifact id: '32b39a796cb3dbb3e90363834a12b9c2') in 0.0048868 seconds
Number of updated asset objects reloaded before import = 0Number of asset objects unloaded after import = 1

========================================================================
Received Import Request.
  Time since last request: 146.202013 seconds.
  path: Assets/Sprites/MoonMove.anim
  artifactKey: Guid(d0c3f0ff81fd9e54286d263c4c59a656) Importer(815301076,1909f56bfc062723c751e8b465ee728b)
Start importing Assets/Sprites/MoonMove.anim using Guid(d0c3f0ff81fd9e54286d263c4c59a656) Importer(815301076,1909f56bfc062723c751e8b465ee728b) (PreviewImporter) -> (artifact id: '359fa49821a36581b4365ad2cedbcaa5') in 0.0033876 seconds
Number of updated asset objects reloaded before import = 0Number of asset objects unloaded after import = 1

========================================================================
Received Import Request.
  Time since last request: 2.233778 seconds.
  path: Assets/Sprites/MoonAnimation.anim
  artifactKey: Guid(c99091a83ed28bb409ad595f7989f8a8) Importer(815301076,1909f56bfc062723c751e8b465ee728b)
Start importing Assets/Sprites/MoonAnimation.anim using Guid(c99091a83ed28bb409ad595f7989f8a8) Importer(815301076,1909f56bfc062723c751e8b465ee728b) (PreviewImporter) -> (artifact id: 'c96de092bb3a8cceb92c2edbfca982e2') in 0.006697 seconds
Number of updated asset objects reloaded before import = 0Number of asset objects unloaded after import = 1

========================================================================
Received Import Request.
  Time since last request: 2.142748 seconds.
  path: Assets/Sprites/MoonAnim.anim
  artifactKey: Guid(d743e3abf1d5e0c49bbb3c9ecb4f1900) Importer(815301076,1909f56bfc062723c751e8b465ee728b)
Start importing Assets/Sprites/MoonAnim.anim using Guid(d743e3abf1d5e0c49bbb3c9ecb4f1900) Importer(815301076,1909f56bfc062723c751e8b465ee728b) (PreviewImporter) -> (artifact id: '7ac53d594389cd843d6e00105a857da9') in 0.0027664 seconds
Number of updated asset objects reloaded before import = 0Number of asset objects unloaded after import = 1

========================================================================
Received Import Request.
  Time since last request: 8.521052 seconds.
  path: Assets/Sprites/Idl.anim
  artifactKey: Guid(d743e3abf1d5e0c49bbb3c9ecb4f1900) Importer(815301076,1909f56bfc062723c751e8b465ee728b)
Start importing Assets/Sprites/Idl.anim using Guid(d743e3abf1d5e0c49bbb3c9ecb4f1900) Importer(815301076,1909f56bfc062723c751e8b465ee728b) (PreviewImporter) -> (artifact id: '8d614e5b9cf61007e5b124ffea09119b') in 0.0033575 seconds
Number of updated asset objects reloaded before import = 0Number of asset objects unloaded after import = 1

========================================================================
Received Import Request.
  Time since last request: 360.585322 seconds.
  path: Assets/Sprites/Jump.anim
  artifactKey: Guid(7e6fd6577674f8a4981d276887f81adf) Importer(815301076,1909f56bfc062723c751e8b465ee728b)
Start importing Assets/Sprites/Jump.anim using Guid(7e6fd6577674f8a4981d276887f81adf) Importer(815301076,1909f56bfc062723c751e8b465ee728b) (PreviewImporter) -> (artifact id: '476e69c5e4009964c0c27d14202a2d55') in 0.0027543 seconds
Number of updated asset objects reloaded before import = 0Number of asset objects unloaded after import = 1

========================================================================
Received Prepare
Refreshing native plugins compatible for Editor in 15.10 ms, found 4 plugins.
Preloading 0 native plugins for Editor in 0.00 ms.
Unloading 13 Unused Serialized files (Serialized files now loaded: 0)
Unloading 6606 unused Assets / (4.4 MB). Loaded Objects now: 7522.
Memory consumption went from 154.1 MB to 149.8 MB.
Total: 38.074000 ms (FindLiveObjects: 1.877700 ms CreateObjectMapping: 2.169600 ms MarkObjects: 20.629100 ms  DeleteObjects: 13.395000 ms)

Prepare: number of updated asset objects reloaded= 0
========================================================================
Received Prepare
Begin MonoManager ReloadAssembly
- Loaded All Assemblies, in  2.952 seconds
Refreshing native plugins compatible for Editor in 4.97 ms, found 4 plugins.
Native extension for WindowsStandalone target not found
Mono: successfully reloaded assembly
- Finished resetting the current domain, in  2.322 seconds
Domain Reload Profiling: 5263ms
	BeginReloadAssembly (652ms)
		ExecutionOrderSort (0ms)
		DisableScriptedObjects (93ms)
		BackupInstance (0ms)
		ReleaseScriptingObjects (0ms)
		CreateAndSetChildDomain (130ms)
	RebuildCommonClasses (117ms)
	RebuildNativeTypeToScriptingClass (40ms)
	initialDomainReloadingComplete (95ms)
	LoadAllAssembliesAndSetupDomain (2035ms)
		LoadAssemblies (1468ms)
		RebuildTransferFunctionScriptingTraits (0ms)
		AnalyzeDomain (856ms)
			TypeCache.Refresh (160ms)
				TypeCache.ScanAssembly (5ms)
			BuildScriptInfoCaches (655ms)
			ResolveRequiredComponents (34ms)
	FinalizeReload (2323ms)
		ReleaseScriptCaches (0ms)
		RebuildScriptCaches (0ms)
		SetupLoadedEditorAssemblies (1729ms)
			LogAssemblyErrors (0ms)
			InitializePlatformSupportModulesInManaged (6ms)
			SetLoadedEditorAssemblies (10ms)
			BeforeProcessingInitializeOnLoad (396ms)
			ProcessInitializeOnLoadAttributes (1053ms)
			ProcessInitializeOnLoadMethodAttributes (224ms)
			AfterProcessingInitializeOnLoad (39ms)
			EditorAssembliesLoaded (1ms)
		ExecutionOrderSort2 (0ms)
		AwakeInstancesAfterBackupRestoration (70ms)
Refreshing native plugins compatible for Editor in 5.85 ms, found 4 plugins.
Preloading 0 native plugins for Editor in 0.00 ms.
Unloading 13 Unused Serialized files (Serialized files now loaded: 0)
Unloading 6617 unused Assets / (4.1 MB). Loaded Objects now: 7523.
Memory consumption went from 154.0 MB to 149.9 MB.
Total: 21.847900 ms (FindLiveObjects: 1.692800 ms CreateObjectMapping: 1.282200 ms MarkObjects: 11.984200 ms  DeleteObjects: 6.886500 ms)

Prepare: number of updated asset objects reloaded= 0
========================================================================
Received Prepare
Begin MonoManager ReloadAssembly
- Loaded All Assemblies, in  2.356 seconds
Refreshing native plugins compatible for Editor in 5.99 ms, found 4 plugins.
Native extension for WindowsStandalone target not found
Mono: successfully reloaded assembly
- Finished resetting the current domain, in  2.596 seconds
Domain Reload Profiling: 4939ms
	BeginReloadAssembly (565ms)
		ExecutionOrderSort (0ms)
		DisableScriptedObjects (80ms)
		BackupInstance (0ms)
		ReleaseScriptingObjects (0ms)
		CreateAndSetChildDomain (108ms)
	RebuildCommonClasses (108ms)
	RebuildNativeTypeToScriptingClass (40ms)
	initialDomainReloadingComplete (84ms)
	LoadAllAssembliesAndSetupDomain (1545ms)
		LoadAssemblies (1231ms)
		RebuildTransferFunctionScriptingTraits (0ms)
		AnalyzeDomain (583ms)
			TypeCache.Refresh (18ms)
				TypeCache.ScanAssembly (0ms)
			BuildScriptInfoCaches (525ms)
			ResolveRequiredComponents (32ms)
	FinalizeReload (2597ms)
		ReleaseScriptCaches (0ms)
		RebuildScriptCaches (0ms)
		SetupLoadedEditorAssemblies (1934ms)
			LogAssemblyErrors (0ms)
			InitializePlatformSupportModulesInManaged (5ms)
			SetLoadedEditorAssemblies (16ms)
			BeforeProcessingInitializeOnLoad (391ms)
			ProcessInitializeOnLoadAttributes (1235ms)
			ProcessInitializeOnLoadMethodAttributes (257ms)
			AfterProcessingInitializeOnLoad (29ms)
			EditorAssembliesLoaded (1ms)
		ExecutionOrderSort2 (0ms)
		AwakeInstancesAfterBackupRestoration (96ms)
Refreshing native plugins compatible for Editor in 5.40 ms, found 4 plugins.
Preloading 0 native plugins for Editor in 0.00 ms.
Unloading 13 Unused Serialized files (Serialized files now loaded: 0)
Unloading 6617 unused Assets / (4.5 MB). Loaded Objects now: 7525.
Memory consumption went from 154.0 MB to 149.5 MB.
Total: 23.270200 ms (FindLiveObjects: 1.406100 ms CreateObjectMapping: 1.530800 ms MarkObjects: 12.744700 ms  DeleteObjects: 7.585800 ms)

Prepare: number of updated asset objects reloaded= 0
========================================================================
Received Prepare
Refreshing native plugins compatible for Editor in 13.66 ms, found 4 plugins.
Preloading 0 native plugins for Editor in 0.00 ms.
Unloading 13 Unused Serialized files (Serialized files now loaded: 0)
Unloading 6606 unused Assets / (2.1 MB). Loaded Objects now: 7525.
Memory consumption went from 154.0 MB to 152.0 MB.
Total: 79.394500 ms (FindLiveObjects: 2.273900 ms CreateObjectMapping: 3.505200 ms MarkObjects: 65.748200 ms  DeleteObjects: 7.865100 ms)

Prepare: number of updated asset objects reloaded= 0
========================================================================
Received Prepare
Begin MonoManager ReloadAssembly
- Loaded All Assemblies, in  2.321 seconds
Refreshing native plugins compatible for Editor in 5.29 ms, found 4 plugins.
Native extension for WindowsStandalone target not found
Mono: successfully reloaded assembly
- Finished resetting the current domain, in  2.215 seconds
Domain Reload Profiling: 4522ms
	BeginReloadAssembly (573ms)
		ExecutionOrderSort (0ms)
		DisableScriptedObjects (72ms)
		BackupInstance (0ms)
		ReleaseScriptingObjects (0ms)
		CreateAndSetChildDomain (115ms)
	RebuildCommonClasses (132ms)
	RebuildNativeTypeToScriptingClass (42ms)
	initialDomainReloadingComplete (84ms)
	LoadAllAssembliesAndSetupDomain (1476ms)
		LoadAssemblies (1086ms)
		RebuildTransferFunctionScriptingTraits (0ms)
		AnalyzeDomain (665ms)
			TypeCache.Refresh (31ms)
				TypeCache.ScanAssembly (4ms)
			BuildScriptInfoCaches (594ms)
			ResolveRequiredComponents (33ms)
	FinalizeReload (2216ms)
		ReleaseScriptCaches (0ms)
		RebuildScriptCaches (0ms)
		SetupLoadedEditorAssemblies (1663ms)
			LogAssemblyErrors (0ms)
			InitializePlatformSupportModulesInManaged (6ms)
			SetLoadedEditorAssemblies (11ms)
			BeforeProcessingInitializeOnLoad (438ms)
			ProcessInitializeOnLoadAttributes (1007ms)
			ProcessInitializeOnLoadMethodAttributes (176ms)
			AfterProcessingInitializeOnLoad (25ms)
			EditorAssembliesLoaded (1ms)
		ExecutionOrderSort2 (0ms)
		AwakeInstancesAfterBackupRestoration (58ms)
Refreshing native plugins compatible for Editor in 4.28 ms, found 4 plugins.
Preloading 0 native plugins for Editor in 0.00 ms.
Unloading 13 Unused Serialized files (Serialized files now loaded: 0)
Unloading 6617 unused Assets / (4.6 MB). Loaded Objects now: 7527.
Memory consumption went from 154.0 MB to 149.4 MB.
Total: 18.355900 ms (FindLiveObjects: 2.027900 ms CreateObjectMapping: 1.195100 ms MarkObjects: 9.232300 ms  DeleteObjects: 5.898900 ms)

Prepare: number of updated asset objects reloaded= 0
========================================================================
Received Prepare
Begin MonoManager ReloadAssembly
- Loaded All Assemblies, in  2.378 seconds
Refreshing native plugins compatible for Editor in 5.75 ms, found 4 plugins.
Native extension for WindowsStandalone target not found
Mono: successfully reloaded assembly
- Finished resetting the current domain, in  2.282 seconds
Domain Reload Profiling: 4647ms
	BeginReloadAssembly (709ms)
		ExecutionOrderSort (0ms)
		DisableScriptedObjects (74ms)
		BackupInstance (0ms)
		ReleaseScriptingObjects (0ms)
		CreateAndSetChildDomain (140ms)
	RebuildCommonClasses (123ms)
	RebuildNativeTypeToScriptingClass (38ms)
	initialDomainReloadingComplete (82ms)
	LoadAllAssembliesAndSetupDomain (1411ms)
		LoadAssemblies (1190ms)
		RebuildTransferFunctionScriptingTraits (0ms)
		AnalyzeDomain (607ms)
			TypeCache.Refresh (29ms)
				TypeCache.ScanAssembly (0ms)
			BuildScriptInfoCaches (537ms)
			ResolveRequiredComponents (33ms)
	FinalizeReload (2283ms)
		ReleaseScriptCaches (0ms)
		RebuildScriptCaches (0ms)
		SetupLoadedEditorAssemblies (1589ms)
			LogAssemblyErrors (0ms)
			InitializePlatformSupportModulesInManaged (5ms)
			SetLoadedEditorAssemblies (17ms)
			BeforeProcessingInitializeOnLoad (417ms)
			ProcessInitializeOnLoadAttributes (911ms)
			ProcessInitializeOnLoadMethodAttributes (212ms)
			AfterProcessingInitializeOnLoad (26ms)
			EditorAssembliesLoaded (1ms)
		ExecutionOrderSort2 (0ms)
		AwakeInstancesAfterBackupRestoration (122ms)
Refreshing native plugins compatible for Editor in 8.10 ms, found 4 plugins.
Preloading 0 native plugins for Editor in 0.00 ms.
Unloading 13 Unused Serialized files (Serialized files now loaded: 0)
Unloading 6617 unused Assets / (4.0 MB). Loaded Objects now: 7529.
Memory consumption went from 154.0 MB to 150.0 MB.
Total: 24.561800 ms (FindLiveObjects: 1.562000 ms CreateObjectMapping: 2.599600 ms MarkObjects: 13.933200 ms  DeleteObjects: 6.464700 ms)

Prepare: number of updated asset objects reloaded= 0
========================================================================
Received Import Request.
  Time since last request: 1368.454597 seconds.
  path: Assets/Scenes/Game.unity
  artifactKey: Guid(e93bd566e05e1014e85e614f8536cfad) Importer(815301076,1909f56bfc062723c751e8b465ee728b)
Start importing Assets/Scenes/Game.unity using Guid(e93bd566e05e1014e85e614f8536cfad) Importer(815301076,1909f56bfc062723c751e8b465ee728b) (PreviewImporter) -> (artifact id: 'bd9c4adb602ff0b8fff42e98cc5c0241') in 0.1072538 seconds
Number of updated asset objects reloaded before import = 0Number of asset objects unloaded after import = 0

========================================================================
Received Prepare
Begin MonoManager ReloadAssembly
- Loaded All Assemblies, in  2.227 seconds
Refreshing native plugins compatible for Editor in 5.42 ms, found 4 plugins.
Native extension for WindowsStandalone target not found
Mono: successfully reloaded assembly
- Finished resetting the current domain, in  2.058 seconds
Domain Reload Profiling: 4275ms
	BeginReloadAssembly (590ms)
		ExecutionOrderSort (0ms)
		DisableScriptedObjects (72ms)
		BackupInstance (0ms)
		ReleaseScriptingObjects (0ms)
		CreateAndSetChildDomain (144ms)
	RebuildCommonClasses (113ms)
	RebuildNativeTypeToScriptingClass (40ms)
	initialDomainReloadingComplete (86ms)
	LoadAllAssembliesAndSetupDomain (1388ms)
		LoadAssemblies (1051ms)
		RebuildTransferFunctionScriptingTraits (0ms)
		AnalyzeDomain (605ms)
			TypeCache.Refresh (16ms)
				TypeCache.ScanAssembly (0ms)
			BuildScriptInfoCaches (538ms)
			ResolveRequiredComponents (43ms)
	FinalizeReload (2059ms)
		ReleaseScriptCaches (0ms)
		RebuildScriptCaches (0ms)
		SetupLoadedEditorAssemblies (1471ms)
			LogAssemblyErrors (0ms)
			InitializePlatformSupportModulesInManaged (5ms)
			SetLoadedEditorAssemblies (13ms)
			BeforeProcessingInitializeOnLoad (402ms)
			ProcessInitializeOnLoadAttributes (850ms)
			ProcessInitializeOnLoadMethodAttributes (179ms)
			AfterProcessingInitializeOnLoad (22ms)
			EditorAssembliesLoaded (1ms)
		ExecutionOrderSort2 (0ms)
		AwakeInstancesAfterBackupRestoration (66ms)
Refreshing native plugins compatible for Editor in 5.79 ms, found 4 plugins.
Preloading 0 native plugins for Editor in 0.00 ms.
Unloading 13 Unused Serialized files (Serialized files now loaded: 0)
Unloading 6617 unused Assets / (4.3 MB). Loaded Objects now: 7531.
Memory consumption went from 154.0 MB to 149.7 MB.
Total: 19.105100 ms (FindLiveObjects: 1.360600 ms CreateObjectMapping: 1.134400 ms MarkObjects: 10.706700 ms  DeleteObjects: 5.901400 ms)

Prepare: number of updated asset objects reloaded= 0
